interactorBAltId,score,biologicalRole,interactionEvidenceEntries,gene
H1-4,0.4,"A: unspecified role, B: unspecified role",1,ALPK2
PCNA,0.37,"A: unspecified role, B: unspecified role",1,ALPK2
NEK4,0.35,"A: unspecified role, B: unspecified role",1,ALPK2
VHL,0.4,"A: unspecified role, B: unspecified role",1,CCDC82
LY6G6C,0.35,"A: unspecified role, B: unspecified role",1,CCDC82
MED12,0.35,"A: unspecified role, B: unspecified role",1,CCDC82
CALML3,0.35,"A: unspecified role, B: unspecified role",1,CCDC82
SERPINB5,0.35,"A: unspecified role, B: unspecified role",1,CCDC82
TOMM34,0.35,"A: unspecified role, B: unspecified role",1,CCDC82
TRIM29,0.35,"A: unspecified role, B: unspecified role",1,CCDC82
SGF29,0.35,"A: unspecified role, B: unspecified role",1,CCDC82
TF,0.35,"A: unspecified role, B: unspecified role",1,CCDC82
TINF2,0.35,"A: unspecified role, B: unspecified role",1,CCDC82
PKP3,0.35,"A: unspecified role, B: unspecified role",1,CCDC82
IGKC,0.35,"A: unspecified role, B: unspecified role",1,CCDC82
NETO2,0.35,"A: unspecified role, B: unspecified role",1,CCDC82
PKP1,0.35,"A: unspecified role, B: unspecified role",1,CCDC82
COPS7A,0.35,"A: unspecified role, B: unspecified role",1,CCDC82
MARK2,0.35,"A: unspecified role, B: unspecified role",1,CCDC82
ALB,0.35,"A: unspecified role, B: unspecified role",1,CCDC82
CCR1,0.37,"A: unspecified role, B: unspecified role",1,FAN1
ANKLE2,0.35,"A: unspecified role, B: unspecified role",1,FAN1
PMS2,0.35,"A: unspecified role, B: unspecified role",1,FAN1
PPP2R1A,0.35,"A: unspecified role, B: unspecified role",1,FAN1
MIER1,0.35,"A: unspecified role, B: unspecified role",1,FAN1
HEXA,0.35,"A: unspecified role, B: unspecified role",1,FAN1
PMS2,0.35,"A: unspecified role, B: unspecified role",1,FAN1
ZNF703,0.35,"A: unspecified role, B: unspecified role",1,FAN1
AP2A2,0.35,"A: unspecified role, B: unspecified role",1,FAN1
H3C1,0.35,"A: unspecified role, B: unspecified role",1,FAN1
OTUD4,0.35,"A: unspecified role, B: unspecified role",1,FAN1
PMS2,0.35,"A: unspecified role, B: unspecified role",1,FAN1
TRAP1,0.35,"A: unspecified role, B: unspecified role",1,FAN1
H3C3,0.35,"A: unspecified role, B: unspecified role",1,FAN1
PMS1,0.35,"A: unspecified role, B: unspecified role",1,FAN1
FSCN1,0.35,"A: unspecified role, B: unspecified role",2,FAN1
PRPF4B,0.35,"A: unspecified role, B: unspecified role",1,FAN1
H3C4,0.35,"A: unspecified role, B: unspecified role",1,FAN1
B4DT77,0.35,"A: unspecified role, B: unspecified role",1,FAN1
H3C7,0.35,"A: unspecified role, B: unspecified role",1,FAN1
MLH1,0.35,"A: unspecified role, B: unspecified role",1,FAN1
AKR7A2,0.35,"A: unspecified role, B: unspecified role",1,FAN1
CAVIN2,0.35,"A: unspecified role, B: unspecified role",1,FAN1
PMS1,0.35,"A: unspecified role, B: unspecified role",1,FAN1
NCOA5,0.35,"A: unspecified role, B: unspecified role",1,FAN1
PSMD11,0.35,"A: unspecified role, B: unspecified role",1,FAN1
H3C11,0.35,"A: unspecified role, B: unspecified role",1,FAN1
H3C2,0.35,"A: unspecified role, B: unspecified role",1,FAN1
PLEKHA8,0.35,"A: unspecified role, B: unspecified role",1,FAN1
H3C6,0.35,"A: unspecified role, B: unspecified role",1,FAN1
C1orf52,0.35,"A: unspecified role, B: unspecified role",1,FAN1
H3C12,0.35,"A: unspecified role, B: unspecified role",1,FAN1
CD99L2,0.35,"A: unspecified role, B: unspecified role",1,FAN1
MLH1,0.35,"A: unspecified role, B: unspecified role",1,FAN1
SUPT5H,0.35,"A: unspecified role, B: unspecified role",1,FAN1
H3C8,0.35,"A: unspecified role, B: unspecified role",1,FAN1
PIK3C2B,0.35,"A: unspecified role, B: unspecified role",1,FAN1
H3C10,0.35,"A: unspecified role, B: unspecified role",1,FAN1
WDR75,0.35,"A: unspecified role, B: unspecified role",1,FAN1
MAL,0.56,"A: unspecified role, B: unspecified role",3,GSG1L
LXN,0.56,"A: unspecified role, B: unspecified role",3,GSG1L
HTT,0.89,"A: unspecified role, B: unspecified role",22,HTT
OPTN,0.82,"A: unspecified role, B: unspecified role",15,HTT
HIP1,0.81,"A: unspecified role, B: unspecified role",7,HTT
ZDHHC17,0.81,"A: unspecified role, B: unspecified role",29,HTT
ZDHHC17,0.81,"A: enzyme target, B: enzyme",1,HTT
DYNC1H1,0.77,"A: unspecified role, B: unspecified role",8,HTT
ZFYVE19,0.74,"A: unspecified role, B: unspecified role",21,HTT
PRPF40A,0.74,"A: unspecified role, B: unspecified role",15,HTT
EEF1D,0.74,"A: unspecified role, B: unspecified role",6,HTT
SH3GL3,0.74,"A: inhibitor, B: unspecified role",1,HTT
UBAC1,0.74,"A: unspecified role, B: unspecified role",26,HTT
UBE2K,0.74,"A: unspecified role, B: unspecified role",24,HTT
SH3GL3,0.74,"A: unspecified role, B: unspecified role",8,HTT
NUP58,0.74,"A: unspecified role, B: unspecified role",7,HTT
DNALI1,0.74,"A: unspecified role, B: unspecified role",15,HTT
RNF20,0.74,"A: unspecified role, B: unspecified role",24,HTT
ZNF655,0.74,"A: unspecified role, B: unspecified role",14,HTT
FEZ1,0.72,"A: unspecified role, B: unspecified role",6,HTT
HAP1,0.71,"A: unspecified role, B: unspecified role",8,HTT
TP53,0.71,"A: unspecified role, B: unspecified role",19,HTT
H3C6,0.7,"A: unspecified role, B: unspecified role",20,HTT
H3C10,0.7,"A: unspecified role, B: unspecified role",20,HTT
CRMP1,0.7,"A: unspecified role, B: unspecified role",14,HTT
BECN1,0.7,"A: competitor, B: unspecified role",1,HTT
XRCC6,0.7,"A: unspecified role, B: unspecified role",21,HTT
MRFAP1L1,0.7,"A: unspecified role, B: unspecified role",21,HTT
H3C3,0.7,"A: unspecified role, B: unspecified role",20,HTT
H3C4,0.7,"A: unspecified role, B: unspecified role",20,HTT
H3C1,0.7,"A: unspecified role, B: unspecified role",20,HTT
ZMAT2,0.7,"A: unspecified role, B: unspecified role",20,HTT
MED31,0.7,"A: unspecified role, B: unspecified role",9,HTT
GOLPH3L,0.7,"A: unspecified role, B: unspecified role",20,HTT
BECN1,0.7,"A: unspecified role, B: unspecified role",13,HTT
H3C7,0.7,"A: unspecified role, B: unspecified role",20,HTT
H3C2,0.7,"A: unspecified role, B: unspecified role",20,HTT
H3C12,0.7,"A: unspecified role, B: unspecified role",20,HTT
H3C11,0.7,"A: unspecified role, B: unspecified role",20,HTT
PFN2,0.7,"A: unspecified role, B: unspecified role",7,HTT
PIAS4,0.7,"A: unspecified role, B: unspecified role",6,HTT
ERCC6L,0.7,"A: unspecified role, B: unspecified role",20,HTT
FTL,0.7,"A: unspecified role, B: unspecified role",20,HTT
H3C8,0.7,"A: unspecified role, B: unspecified role",20,HTT
HNRNPC,0.68,"A: unspecified role, B: unspecified role",7,HTT
NME4,0.68,"A: unspecified role, B: unspecified role",20,HTT
MEOX1,0.68,"A: unspecified role, B: unspecified role",19,HTT
ZFC3H1,0.68,"A: unspecified role, B: unspecified role",5,HTT
SIN3A,0.68,"A: unspecified role, B: unspecified role",4,HTT
MBD4,0.68,"A: unspecified role, B: unspecified role",19,HTT
RPL4,0.68,"A: unspecified role, B: unspecified role",14,HTT
EVL,0.68,"A: unspecified role, B: unspecified role",20,HTT
ARFGAP3,0.68,"A: unspecified role, B: unspecified role",22,HTT
PRRC1,0.67,"A: unspecified role, B: unspecified role",7,HTT
CETN2,0.67,"A: unspecified role, B: unspecified role",13,HTT
EEF1B2,0.67,"A: unspecified role, B: unspecified role",7,HTT
SKIC8,0.67,"A: unspecified role, B: unspecified role",22,HTT
ENO1,0.67,"A: unspecified role, B: unspecified role",13,HTT
H2AP,0.67,"A: unspecified role, B: unspecified role",16,HTT
PLEC,0.67,"A: unspecified role, B: unspecified role",4,HTT
MATR3,0.67,"A: unspecified role, B: unspecified role",4,HTT
MAGEB18,0.67,"A: unspecified role, B: unspecified role",16,HTT
CTNNB1,0.67,"A: unspecified role, B: unspecified role",14,HTT
NDUFB9,0.67,"A: unspecified role, B: unspecified role",10,HTT
COX5B,0.67,"A: unspecified role, B: unspecified role",7,HTT
RPL13,0.67,"A: unspecified role, B: unspecified role",10,HTT
CALM2,0.67,"A: unspecified role, B: unspecified role",10,HTT
ACTG1,0.67,"A: unspecified role, B: unspecified role",16,HTT
PPIH,0.67,"A: unspecified role, B: unspecified role",10,HTT
GNB1,0.67,"A: unspecified role, B: unspecified role",10,HTT
JAKMIP1,0.67,"A: unspecified role, B: unspecified role",10,HTT
BCAP31,0.67,"A: unspecified role, B: unspecified role",4,HTT
DNAJC4,0.67,"A: unspecified role, B: unspecified role",12,HTT
Q59EV6,0.67,"A: unspecified role, B: unspecified role",10,HTT
CNOT10,0.67,"A: unspecified role, B: unspecified role",4,HTT
ST13,0.67,"A: unspecified role, B: unspecified role",13,HTT
CALM1,0.67,"A: unspecified role, B: unspecified role",10,HTT
FLOT1,0.67,"A: unspecified role, B: unspecified role",4,HTT
LANCL1,0.67,"A: unspecified role, B: unspecified role",10,HTT
TXNDC11,0.67,"A: unspecified role, B: unspecified role",7,HTT
PKM,0.67,"A: unspecified role, B: unspecified role",9,HTT
GNB2,0.67,"A: unspecified role, B: unspecified role",10,HTT
HOXC11,0.67,"A: unspecified role, B: unspecified role",7,HTT
PPL,0.67,"A: unspecified role, B: unspecified role",8,HTT
NDUFA9,0.67,"A: unspecified role, B: unspecified role",7,HTT
CALM3,0.67,"A: unspecified role, B: unspecified role",10,HTT
EIF3I,0.67,"A: unspecified role, B: unspecified role",13,HTT
GNAO1,0.67,"A: unspecified role, B: unspecified role",7,HTT
PPP1CA,0.67,"A: unspecified role, B: unspecified role",10,HTT
PSMD14,0.67,"A: unspecified role, B: unspecified role",7,HTT
PPARG,0.67,"A: unspecified role, B: unspecified role",16,HTT
EIF4E2,0.67,"A: unspecified role, B: unspecified role",4,HTT
IMMT,0.67,"A: unspecified role, B: unspecified role",7,HTT
GAPDH,0.67,"A: unspecified role, B: unspecified role",7,HTT
WDR91,0.67,"A: unspecified role, B: unspecified role",16,HTT
PSMA7,0.67,"A: unspecified role, B: unspecified role",13,HTT
VIM,0.67,"A: unspecified role, B: unspecified role",4,HTT
CD59,0.67,"A: unspecified role, B: unspecified role",10,HTT
STRAP,0.67,"A: unspecified role, B: unspecified role",4,HTT
COPS3,0.67,"A: unspecified role, B: unspecified role",22,HTT
CHCHD2,0.67,"A: unspecified role, B: unspecified role",10,HTT
SYP,0.67,"A: unspecified role, B: unspecified role",13,HTT
PSMA4,0.67,"A: unspecified role, B: unspecified role",4,HTT
EZR,0.67,"A: unspecified role, B: unspecified role",4,HTT
DNAJA1,0.67,"A: unspecified role, B: unspecified role",17,HTT
VCP,0.67,"A: unspecified role, B: unspecified role",10,HTT
ZBTB16,0.67,"A: unspecified role, B: unspecified role",4,HTT
UTP14A,0.67,"A: unspecified role, B: unspecified role",4,HTT
RNF40,0.67,"A: unspecified role, B: unspecified role",12,HTT
CHMP4B,0.67,"A: unspecified role, B: unspecified role",7,HTT
SP3,0.67,"A: unspecified role, B: unspecified role",4,HTT
VPS28,0.67,"A: unspecified role, B: unspecified role",16,HTT
HSPA8,0.67,"A: unspecified role, B: unspecified role",14,HTT
CNOT7,0.67,"A: unspecified role, B: unspecified role",13,HTT
GFAP,0.67,"A: unspecified role, B: unspecified role",10,HTT
NDUFS5,0.67,"A: unspecified role, B: unspecified role",7,HTT
GPRASP2,0.67,"A: unspecified role, B: unspecified role",5,HTT
HOXC4,0.67,"A: unspecified role, B: unspecified role",16,HTT
PIK3R3,0.67,"A: unspecified role, B: unspecified role",18,HTT
PIAS1,0.67,"A: unspecified role, B: unspecified role",19,HTT
PSMB1,0.67,"A: unspecified role, B: unspecified role",7,HTT
UFD1,0.67,"A: unspecified role, B: unspecified role",7,HTT
KLF11,0.67,"A: unspecified role, B: unspecified role",7,HTT
STXBP1,0.67,"A: unspecified role, B: unspecified role",7,HTT
MRFAP1,0.67,"A: unspecified role, B: unspecified role",19,HTT
DCAF7,0.67,"A: unspecified role, B: unspecified role",10,HTT
PSMB2,0.67,"A: unspecified role, B: unspecified role",7,HTT
SYT2,0.67,"A: unspecified role, B: unspecified role",10,HTT
HAX1,0.67,"A: unspecified role, B: unspecified role",14,HTT
DYNLL1,0.67,"A: unspecified role, B: unspecified role",10,HTT
CNP,0.67,"A: unspecified role, B: unspecified role",10,HTT
CYC1,0.67,"A: unspecified role, B: unspecified role",7,HTT
YWHAB,0.67,"A: unspecified role, B: unspecified role",11,HTT
CCT8,0.67,"A: unspecified role, B: unspecified role",4,HTT
VDAC2,0.67,"A: unspecified role, B: unspecified role",22,HTT
FASN,0.67,"A: unspecified role, B: unspecified role",13,HTT
RAE1,0.67,"A: unspecified role, B: unspecified role",4,HTT
MKRN2,0.67,"A: unspecified role, B: unspecified role",12,HTT
GPM6A,0.67,"A: unspecified role, B: unspecified role",4,HTT
NDUFA13,0.67,"A: unspecified role, B: unspecified role",4,HTT
GTF3C3,0.67,"A: unspecified role, B: unspecified role",12,HTT
PRNP,0.67,"A: unspecified role, B: unspecified role",13,HTT
PTK6,0.67,"A: unspecified role, B: unspecified role",4,HTT
PDK2,0.67,"A: unspecified role, B: unspecified role",10,HTT
PSMD7,0.67,"A: unspecified role, B: unspecified role",10,HTT
HYPK,0.67,"A: unspecified role, B: unspecified role",4,HTT
COX6C,0.67,"A: unspecified role, B: unspecified role",4,HTT
COPB1,0.67,"A: unspecified role, B: unspecified role",6,HTT
EIF3G,0.67,"A: unspecified role, B: unspecified role",4,HTT
PSMD4,0.67,"A: unspecified role, B: unspecified role",5,HTT
CUL5,0.67,"A: unspecified role, B: unspecified role",10,HTT
CCT6A,0.67,"A: unspecified role, B: unspecified role",10,HTT
RANGAP1,0.67,"A: unspecified role, B: unspecified role",10,HTT
IPO4,0.67,"A: unspecified role, B: unspecified role",7,HTT
KPNA3,0.67,"A: unspecified role, B: unspecified role",11,HTT
DCTN2,0.67,"A: unspecified role, B: unspecified role",12,HTT
PSMA6,0.67,"A: unspecified role, B: unspecified role",4,HTT
DNAJA3,0.67,"A: unspecified role, B: unspecified role",5,HTT
G3BP1,0.67,"A: unspecified role, B: unspecified role",16,HTT
COX6A1,0.67,"A: unspecified role, B: unspecified role",4,HTT
NDUFB10,0.67,"A: unspecified role, B: unspecified role",13,HTT
SQSTM1,0.65,"A: unspecified role, B: unspecified role",8,HTT
ULK1,0.61,"A: unspecified role, B: unspecified role",8,HTT
GIT1,0.6,"A: unspecified role, B: unspecified role",10,HTT
PACSIN1,0.59,"A: unspecified role, B: unspecified role",3,HTT
WDFY3,0.58,"A: unspecified role, B: unspecified role",10,HTT
CREBBP,0.57,"A: unspecified role, B: unspecified role",2,HTT
ODF2L,0.56,"A: unspecified role, B: unspecified role",3,HTT
ZNF366,0.56,"A: unspecified role, B: unspecified role",15,HTT
CSNK1D,0.56,"A: unspecified role, B: unspecified role",15,HTT
KRTAP8-1,0.56,"A: unspecified role, B: unspecified role",6,HTT
PPA2,0.56,"A: unspecified role, B: unspecified role",3,HTT
TWIST2,0.56,"A: unspecified role, B: unspecified role",15,HTT
H4C14,0.56,"A: unspecified role, B: unspecified role",3,HTT
RNF183,0.56,"A: unspecified role, B: unspecified role",3,HTT
TEN1,0.56,"A: unspecified role, B: unspecified role",9,HTT
TENT5B,0.56,"A: unspecified role, B: unspecified role",6,HTT
ZNF19,0.56,"A: unspecified role, B: unspecified role",3,HTT
EXOC5,0.56,"A: unspecified role, B: unspecified role",3,HTT
ZKSCAN8,0.56,"A: unspecified role, B: unspecified role",9,HTT
CIDEB,0.56,"A: unspecified role, B: unspecified role",3,HTT
GLIPR1,0.56,"A: unspecified role, B: unspecified role",3,HTT
MTUS1,0.56,"A: unspecified role, B: unspecified role",3,HTT
FYN,0.56,"A: unspecified role, B: unspecified role",12,HTT
HPRT1,0.56,"A: unspecified role, B: unspecified role",15,HTT
SYT15,0.56,"A: unspecified role, B: unspecified role",3,HTT
RUSF1,0.56,"A: unspecified role, B: unspecified role",3,HTT
EDF1,0.56,"A: unspecified role, B: unspecified role",6,HTT
LNX2,0.56,"A: unspecified role, B: unspecified role",3,HTT
ATP6V1B2,0.56,"A: unspecified role, B: unspecified role",3,HTT
TAOK3,0.56,"A: unspecified role, B: unspecified role",3,HTT
SNX2,0.56,"A: unspecified role, B: unspecified role",6,HTT
NDN,0.56,"A: unspecified role, B: unspecified role",6,HTT
H3C13,0.56,"A: unspecified role, B: unspecified role",18,HTT
MTUS1,0.56,"A: unspecified role, B: unspecified role",9,HTT
PSMB8,0.56,"A: unspecified role, B: unspecified role",3,HTT
SEPTIN4,0.56,"A: unspecified role, B: unspecified role",3,HTT
SYCE3,0.56,"A: unspecified role, B: unspecified role",15,HTT
CCT2,0.56,"A: unspecified role, B: unspecified role",6,HTT
MED30,0.56,"A: unspecified role, B: unspecified role",3,HTT
RPL13,0.56,"A: unspecified role, B: unspecified role",3,HTT
COX4I1,0.56,"A: unspecified role, B: unspecified role",3,HTT
CBL,0.56,"A: unspecified role, B: unspecified role",18,HTT
P3H3,0.56,"A: unspecified role, B: unspecified role",6,HTT
USP18,0.56,"A: unspecified role, B: unspecified role",3,HTT
RNF112,0.56,"A: unspecified role, B: unspecified role",21,HTT
AKR1A1,0.56,"A: unspecified role, B: unspecified role",6,HTT
ATP5PB,0.56,"A: unspecified role, B: unspecified role",3,HTT
TMUB2,0.56,"A: unspecified role, B: unspecified role",6,HTT
ING4,0.56,"A: unspecified role, B: unspecified role",3,HTT
RASSF5,0.56,"A: unspecified role, B: unspecified role",3,HTT
SNRPD2,0.56,"A: unspecified role, B: unspecified role",3,HTT
PIH1D2,0.56,"A: unspecified role, B: unspecified role",3,HTT
TGFBR2,0.56,"A: unspecified role, B: unspecified role",3,HTT
TGM2,0.56,"A: unspecified role, B: unspecified role",6,HTT
TNFRSF11B,0.56,"A: unspecified role, B: unspecified role",3,HTT
PMF1,0.56,"A: unspecified role, B: unspecified role",3,HTT
PTCH1,0.56,"A: unspecified role, B: unspecified role",3,HTT
VHL,0.56,"A: unspecified role, B: unspecified role",12,HTT
ZNF281,0.56,"A: unspecified role, B: unspecified role",3,HTT
GOLGA2,0.56,"A: unspecified role, B: unspecified role",3,HTT
ARFIP2,0.56,"A: unspecified role, B: unspecified role",3,HTT
BAIAP2,0.56,"A: unspecified role, B: unspecified role",18,HTT
A2RU56,0.56,"A: unspecified role, B: unspecified role",9,HTT
KRT19,0.56,"A: unspecified role, B: unspecified role",6,HTT
KRT20,0.56,"A: unspecified role, B: unspecified role",9,HTT
Q0VG73,0.56,"A: unspecified role, B: unspecified role",6,HTT
TWIST1,0.56,"A: unspecified role, B: unspecified role",3,HTT
TRIM49,0.56,"A: unspecified role, B: unspecified role",9,HTT
MAT1A,0.56,"A: unspecified role, B: unspecified role",3,HTT
WTAP,0.56,"A: unspecified role, B: unspecified role",3,HTT
ERP27,0.56,"A: unspecified role, B: unspecified role",3,HTT
ZNF180,0.56,"A: unspecified role, B: unspecified role",9,HTT
RAPSN,0.56,"A: unspecified role, B: unspecified role",18,HTT
U2AF1,0.56,"A: unspecified role, B: unspecified role",3,HTT
SPATA2L,0.56,"A: unspecified role, B: unspecified role",6,HTT
RPL26L1,0.56,"A: unspecified role, B: unspecified role",3,HTT
MAF1,0.56,"A: unspecified role, B: unspecified role",3,HTT
PSMB6,0.56,"A: unspecified role, B: unspecified role",3,HTT
RPS5,0.56,"A: unspecified role, B: unspecified role",3,HTT
DDX41,0.56,"A: unspecified role, B: unspecified role",6,HTT
SOCS4,0.56,"A: unspecified role, B: unspecified role",3,HTT
H4C16,0.56,"A: unspecified role, B: unspecified role",3,HTT
CRACR2A,0.56,"A: unspecified role, B: unspecified role",9,HTT
CCNC,0.56,"A: unspecified role, B: unspecified role",9,HTT
RPL31,0.56,"A: unspecified role, B: unspecified role",3,HTT
ATP6AP1,0.56,"A: unspecified role, B: unspecified role",3,HTT
PPP1R21,0.56,"A: unspecified role, B: unspecified role",9,HTT
A8K3Q9,0.56,"A: unspecified role, B: unspecified role",3,HTT
STAM2,0.56,"A: unspecified role, B: unspecified role",6,HTT
EIF2S2,0.56,"A: unspecified role, B: unspecified role",12,HTT
IFT57,0.56,"A: unspecified role, B: unspecified role",3,HTT
H4C6,0.56,"A: unspecified role, B: unspecified role",3,HTT
NEUROD1,0.56,"A: unspecified role, B: unspecified role",6,HTT
ZXDC,0.56,"A: unspecified role, B: unspecified role",3,HTT
DALRD3,0.56,"A: unspecified role, B: unspecified role",9,HTT
KLF12,0.56,"A: unspecified role, B: unspecified role",3,HTT
USP32,0.56,"A: unspecified role, B: unspecified role",18,HTT
APP,0.56,"A: unspecified role, B: unspecified role",6,HTT
LCE1B,0.56,"A: unspecified role, B: unspecified role",15,HTT
RUFY4,0.56,"A: unspecified role, B: unspecified role",3,HTT
SRGAP3,0.56,"A: unspecified role, B: unspecified role",3,HTT
SPATA12,0.56,"A: unspecified role, B: unspecified role",3,HTT
WWP2,0.56,"A: unspecified role, B: unspecified role",9,HTT
PSMA1,0.56,"A: unspecified role, B: unspecified role",3,HTT
NUDT1,0.56,"A: unspecified role, B: unspecified role",6,HTT
PRIM1,0.56,"A: unspecified role, B: unspecified role",3,HTT
MOG,0.56,"A: unspecified role, B: unspecified role",12,HTT
SPINK13,0.56,"A: unspecified role, B: unspecified role",3,HTT
SDCBP,0.56,"A: unspecified role, B: unspecified role",12,HTT
SFXN3,0.56,"A: unspecified role, B: unspecified role",9,HTT
SMN1,0.56,"A: unspecified role, B: unspecified role",9,HTT
ALG2,0.56,"A: unspecified role, B: unspecified role",3,HTT
PCDHGB1,0.56,"A: unspecified role, B: unspecified role",3,HTT
DIPK1A,0.56,"A: unspecified role, B: unspecified role",3,HTT
FBP1,0.56,"A: unspecified role, B: unspecified role",3,HTT
KRTAP11-1,0.56,"A: unspecified role, B: unspecified role",3,HTT
RAN,0.56,"A: unspecified role, B: unspecified role",6,HTT
IFT20,0.56,"A: unspecified role, B: unspecified role",6,HTT
LDB1,0.56,"A: unspecified role, B: unspecified role",3,HTT
ERICH2,0.56,"A: unspecified role, B: unspecified role",3,HTT
TRIP10,0.56,"A: unspecified role, B: unspecified role",18,HTT
MEAF6,0.56,"A: unspecified role, B: unspecified role",6,HTT
RXRG,0.56,"A: unspecified role, B: unspecified role",18,HTT
OOSP2,0.56,"A: unspecified role, B: unspecified role",9,HTT
CCDC120,0.56,"A: unspecified role, B: unspecified role",3,HTT
E2F8,0.56,"A: unspecified role, B: unspecified role",12,HTT
ZSCAN9,0.56,"A: unspecified role, B: unspecified role",9,HTT
CHMP2A,0.56,"A: unspecified role, B: unspecified role",3,HTT
SNRPF,0.56,"A: unspecified role, B: unspecified role",3,HTT
MORF4L2,0.56,"A: unspecified role, B: unspecified role",12,HTT
PICK1,0.56,"A: unspecified role, B: unspecified role",3,HTT
ARL16,0.56,"A: unspecified role, B: unspecified role",18,HTT
RASA1,0.56,"A: unspecified role, B: unspecified role",3,HTT
STX16,0.56,"A: unspecified role, B: unspecified role",15,HTT
CDCA7,0.56,"A: unspecified role, B: unspecified role",3,HTT
HMBS,0.56,"A: unspecified role, B: unspecified role",3,HTT
IQSEC1,0.56,"A: unspecified role, B: unspecified role",18,HTT
RAB35,0.56,"A: unspecified role, B: unspecified role",3,HTT
NLK,0.56,"A: unspecified role, B: unspecified role",3,HTT
EFEMP1,0.56,"A: unspecified role, B: unspecified role",3,HTT
EWSR1,0.56,"A: unspecified role, B: unspecified role",3,HTT
PELI1,0.56,"A: unspecified role, B: unspecified role",3,HTT
ALDOA,0.56,"A: unspecified role, B: unspecified role",6,HTT
TNXB,0.56,"A: unspecified role, B: unspecified role",3,HTT
DAZAP2,0.56,"A: unspecified role, B: unspecified role",3,HTT
TCP10L,0.56,"A: unspecified role, B: unspecified role",3,HTT
TALDO1,0.56,"A: unspecified role, B: unspecified role",3,HTT
POC1A,0.56,"A: unspecified role, B: unspecified role",15,HTT
DPYSL2,0.56,"A: unspecified role, B: unspecified role",3,HTT
CSF2,0.56,"A: unspecified role, B: unspecified role",15,HTT
KRTAP10-7,0.56,"A: unspecified role, B: unspecified role",9,HTT
ZC2HC1C,0.56,"A: unspecified role, B: unspecified role",3,HTT
FAM163A,0.56,"A: unspecified role, B: unspecified role",12,HTT
SPCS3,0.56,"A: unspecified role, B: unspecified role",6,HTT
CLEC2B,0.56,"A: unspecified role, B: unspecified role",9,HTT
CPT1B,0.56,"A: unspecified role, B: unspecified role",6,HTT
SF3B3,0.56,"A: unspecified role, B: unspecified role",3,HTT
FICD,0.56,"A: unspecified role, B: unspecified role",3,HTT
LMAN2L,0.56,"A: unspecified role, B: unspecified role",3,HTT
NR1H3,0.56,"A: unspecified role, B: unspecified role",3,HTT
NUDT4,0.56,"A: unspecified role, B: unspecified role",6,HTT
ZNF500,0.56,"A: unspecified role, B: unspecified role",6,HTT
WAC,0.56,"A: unspecified role, B: unspecified role",3,HTT
PALS1,0.56,"A: unspecified role, B: unspecified role",3,HTT
OGDH,0.56,"A: unspecified role, B: unspecified role",3,HTT
MECP2,0.56,"A: unspecified role, B: unspecified role",18,HTT
FZD4,0.56,"A: unspecified role, B: unspecified role",9,HTT
ZHX1-C8orf76,0.56,"A: unspecified role, B: unspecified role",18,HTT
S100P,0.56,"A: unspecified role, B: unspecified role",9,HTT
SEPTIN6,0.56,"A: unspecified role, B: unspecified role",18,HTT
ID2,0.56,"A: unspecified role, B: unspecified role",6,HTT
KIAA0408,0.56,"A: unspecified role, B: unspecified role",6,HTT
USP2,0.56,"A: unspecified role, B: unspecified role",6,HTT
TACC1,0.56,"A: unspecified role, B: unspecified role",12,HTT
SNAP29,0.56,"A: unspecified role, B: unspecified role",3,HTT
CASP3,0.56,"A: unspecified role, B: unspecified role",9,HTT
CPSF3,0.56,"A: unspecified role, B: unspecified role",3,HTT
HYAL2,0.56,"A: unspecified role, B: unspecified role",9,HTT
RYBP,0.56,"A: unspecified role, B: unspecified role",9,HTT
TBC1D5,0.56,"A: unspecified role, B: unspecified role",3,HTT
VPS4B,0.56,"A: unspecified role, B: unspecified role",3,HTT
CASP7,0.56,"A: unspecified role, B: unspecified role",12,HTT
DENND2B,0.56,"A: unspecified role, B: unspecified role",3,HTT
KRT18,0.56,"A: unspecified role, B: unspecified role",6,HTT
HSPA1A,0.56,"A: unspecified role, B: unspecified role",9,HTT
PQBP1,0.56,"A: unspecified role, B: unspecified role",3,HTT
CDH13,0.56,"A: unspecified role, B: unspecified role",6,HTT
AP2B1,0.56,"A: unspecified role, B: unspecified role",18,HTT
HMG20B,0.56,"A: unspecified role, B: unspecified role",3,HTT
TGDS,0.56,"A: unspecified role, B: unspecified role",3,HTT
EIF2S3,0.56,"A: unspecified role, B: unspecified role",3,HTT
RPS27A,0.56,"A: unspecified role, B: unspecified role",6,HTT
FHL3,0.56,"A: unspecified role, B: unspecified role",9,HTT
KLK8,0.56,"A: unspecified role, B: unspecified role",3,HTT
DDX21,0.56,"A: unspecified role, B: unspecified role",3,HTT
KCTD17,0.56,"A: unspecified role, B: unspecified role",3,HTT
RPS3,0.56,"A: unspecified role, B: unspecified role",3,HTT
SUMF2,0.56,"A: unspecified role, B: unspecified role",6,HTT
RCN1,0.56,"A: unspecified role, B: unspecified role",3,HTT
MNDA,0.56,"A: unspecified role, B: unspecified role",18,HTT
CRYBA2,0.56,"A: unspecified role, B: unspecified role",3,HTT
ZNF557,0.56,"A: unspecified role, B: unspecified role",12,HTT
NCF1,0.56,"A: unspecified role, B: unspecified role",6,HTT
C1orf94,0.56,"A: unspecified role, B: unspecified role",3,HTT
SUMO3,0.56,"A: unspecified role, B: unspecified role",9,HTT
MAZ,0.56,"A: unspecified role, B: unspecified role",3,HTT
DAXX,0.56,"A: unspecified role, B: unspecified role",15,HTT
ING5,0.56,"A: unspecified role, B: unspecified role",18,HTT
C20orf141,0.56,"A: unspecified role, B: unspecified role",6,HTT
DNTTIP1,0.56,"A: unspecified role, B: unspecified role",15,HTT
PLXNA4,0.56,"A: unspecified role, B: unspecified role",3,HTT
BIRC5,0.56,"A: unspecified role, B: unspecified role",15,HTT
ZNF436,0.56,"A: unspecified role, B: unspecified role",15,HTT
L3MBTL3,0.56,"A: unspecified role, B: unspecified role",3,HTT
DCLRE1B,0.56,"A: unspecified role, B: unspecified role",9,HTT
PLA2G1B,0.56,"A: unspecified role, B: unspecified role",3,HTT
KLHL12,0.56,"A: unspecified role, B: unspecified role",3,HTT
AGK,0.56,"A: unspecified role, B: unspecified role",3,HTT
RASSF1,0.56,"A: unspecified role, B: unspecified role",3,HTT
STN1,0.56,"A: unspecified role, B: unspecified role",3,HTT
ZNG1C,0.56,"A: unspecified role, B: unspecified role",6,HTT
EYA3,0.56,"A: unspecified role, B: unspecified role",6,HTT
H4C2,0.56,"A: unspecified role, B: unspecified role",3,HTT
ARHGAP29,0.56,"A: unspecified role, B: unspecified role",3,HTT
MSX2,0.56,"A: unspecified role, B: unspecified role",12,HTT
ABHD17C,0.56,"A: unspecified role, B: unspecified role",21,HTT
ENTPD2,0.56,"A: unspecified role, B: unspecified role",3,HTT
CKM,0.56,"A: unspecified role, B: unspecified role",3,HTT
ATP6V1H,0.56,"A: unspecified role, B: unspecified role",3,HTT
PARK7,0.56,"A: unspecified role, B: unspecified role",6,HTT
ZNF641,0.56,"A: unspecified role, B: unspecified role",18,HTT
TUBB,0.56,"A: unspecified role, B: unspecified role",9,HTT
ZNF572,0.56,"A: unspecified role, B: unspecified role",9,HTT
LRRC45,0.56,"A: unspecified role, B: unspecified role",3,HTT
PPP6R2,0.56,"A: unspecified role, B: unspecified role",3,HTT
PCSK4,0.56,"A: unspecified role, B: unspecified role",3,HTT
SNW1,0.56,"A: unspecified role, B: unspecified role",12,HTT
RIPPLY2,0.56,"A: unspecified role, B: unspecified role",6,HTT
C22orf39,0.56,"A: unspecified role, B: unspecified role",3,HTT
ANKRD13D,0.56,"A: unspecified role, B: unspecified role",9,HTT
SEC23B,0.56,"A: unspecified role, B: unspecified role",3,HTT
EIF4A2,0.56,"A: unspecified role, B: unspecified role",3,HTT
MSH5,0.56,"A: unspecified role, B: unspecified role",3,HTT
Q7L8T7,0.56,"A: unspecified role, B: unspecified role",6,HTT
ENKUR,0.56,"A: unspecified role, B: unspecified role",6,HTT
DNAJB6,0.56,"A: unspecified role, B: unspecified role",3,HTT
ATP5F1A,0.56,"A: unspecified role, B: unspecified role",3,HTT
CRELD2,0.56,"A: unspecified role, B: unspecified role",6,HTT
PAQR7,0.56,"A: unspecified role, B: unspecified role",3,HTT
ZNF2,0.56,"A: unspecified role, B: unspecified role",3,HTT
FANK1,0.56,"A: unspecified role, B: unspecified role",3,HTT
IMPA1,0.56,"A: unspecified role, B: unspecified role",6,HTT
SMURF1,0.56,"A: unspecified role, B: unspecified role",6,HTT
PPA2,0.56,"A: unspecified role, B: unspecified role",3,HTT
GPC3,0.56,"A: unspecified role, B: unspecified role",3,HTT
NUFIP2,0.56,"A: unspecified role, B: unspecified role",6,HTT
ZHX1,0.56,"A: unspecified role, B: unspecified role",6,HTT
F8A3,0.56,"A: unspecified role, B: unspecified role",3,HTT
CCNE2,0.56,"A: unspecified role, B: unspecified role",6,HTT
LHX8,0.56,"A: unspecified role, B: unspecified role",12,HTT
FEZ2,0.56,"A: unspecified role, B: unspecified role",18,HTT
MKNK1,0.56,"A: unspecified role, B: unspecified role",18,HTT
ZFP2,0.56,"A: unspecified role, B: unspecified role",12,HTT
NEFL,0.56,"A: unspecified role, B: unspecified role",9,HTT
H4C15,0.56,"A: unspecified role, B: unspecified role",3,HTT
PACS1,0.56,"A: unspecified role, B: unspecified role",18,HTT
AFG3L2,0.56,"A: unspecified role, B: unspecified role",3,HTT
SGSM1,0.56,"A: unspecified role, B: unspecified role",12,HTT
SLC44A5,0.56,"A: unspecified role, B: unspecified role",3,HTT
CEP63,0.56,"A: unspecified role, B: unspecified role",12,HTT
TMEM239,0.56,"A: unspecified role, B: unspecified role",3,HTT
CTBP2,0.56,"A: unspecified role, B: unspecified role",3,HTT
SPATA22,0.56,"A: unspecified role, B: unspecified role",9,HTT
TLE5,0.56,"A: unspecified role, B: unspecified role",3,HTT
TBR1,0.56,"A: unspecified role, B: unspecified role",12,HTT
GFOD1,0.56,"A: unspecified role, B: unspecified role",9,HTT
LCA5L,0.56,"A: unspecified role, B: unspecified role",18,HTT
RAPGEF4,0.56,"A: unspecified role, B: unspecified role",3,HTT
SPAG8,0.56,"A: unspecified role, B: unspecified role",18,HTT
MSRB2,0.56,"A: unspecified role, B: unspecified role",12,HTT
TBX22,0.56,"A: unspecified role, B: unspecified role",12,HTT
FAM78A,0.56,"A: unspecified role, B: unspecified role",3,HTT
ASB3,0.56,"A: unspecified role, B: unspecified role",6,HTT
SECISBP2,0.56,"A: unspecified role, B: unspecified role",3,HTT
SH3GLB2,0.56,"A: unspecified role, B: unspecified role",3,HTT
GAB2,0.56,"A: unspecified role, B: unspecified role",3,HTT
FKBP2,0.56,"A: unspecified role, B: unspecified role",6,HTT
Q8N779,0.56,"A: unspecified role, B: unspecified role",15,HTT
NR2C2AP,0.56,"A: unspecified role, B: unspecified role",3,HTT
RAB5B,0.56,"A: unspecified role, B: unspecified role",3,HTT
TNFSF15,0.56,"A: unspecified role, B: unspecified role",3,HTT
BPESC1,0.56,"A: unspecified role, B: unspecified role",15,HTT
ZCCHC12,0.56,"A: unspecified role, B: unspecified role",3,HTT
DEUP1,0.56,"A: unspecified role, B: unspecified role",15,HTT
SLC25A3,0.56,"A: unspecified role, B: unspecified role",3,HTT
TMEM43,0.56,"A: unspecified role, B: unspecified role",3,HTT
H4C5,0.56,"A: unspecified role, B: unspecified role",3,HTT
RASL11A,0.56,"A: unspecified role, B: unspecified role",3,HTT
ARNT2,0.56,"A: unspecified role, B: unspecified role",9,HTT
NAPA,0.56,"A: unspecified role, B: unspecified role",3,HTT
ATG4C,0.56,"A: unspecified role, B: unspecified role",15,HTT
TERF2,0.56,"A: unspecified role, B: unspecified role",15,HTT
CBS,0.56,"A: unspecified role, B: unspecified role",12,HTT
RTN1,0.56,"A: unspecified role, B: unspecified role",9,HTT
CAMK1,0.56,"A: unspecified role, B: unspecified role",3,HTT
CNOT10,0.56,"A: unspecified role, B: unspecified role",3,HTT
STAR,0.56,"A: unspecified role, B: unspecified role",3,HTT
GCA,0.56,"A: unspecified role, B: unspecified role",3,HTT
TRIM21,0.56,"A: unspecified role, B: unspecified role",21,HTT
MPND,0.56,"A: unspecified role, B: unspecified role",3,HTT
HDAC6,0.56,"A: unspecified role, B: unspecified role",9,HTT
RCAN3,0.56,"A: unspecified role, B: unspecified role",18,HTT
PES1,0.56,"A: unspecified role, B: unspecified role",3,HTT
AKT1,0.56,"A: unspecified role, B: unspecified role",3,HTT
ZNF444,0.56,"A: unspecified role, B: unspecified role",9,HTT
HNRNPK,0.56,"A: unspecified role, B: unspecified role",12,HTT
KLF3,0.56,"A: unspecified role, B: unspecified role",6,HTT
BEX3,0.56,"A: unspecified role, B: unspecified role",6,HTT
LYG1,0.56,"A: unspecified role, B: unspecified role",3,HTT
PUF60,0.56,"A: unspecified role, B: unspecified role",9,HTT
SLC1A2,0.56,"A: unspecified role, B: unspecified role",12,HTT
TRIP6,0.56,"A: unspecified role, B: unspecified role",3,HTT
PPP2R5E,0.56,"A: unspecified role, B: unspecified role",15,HTT
NLRP1,0.56,"A: unspecified role, B: unspecified role",3,HTT
ZNF497,0.56,"A: unspecified role, B: unspecified role",9,HTT
KRTAP9-2,0.56,"A: unspecified role, B: unspecified role",9,HTT
MNAT1,0.56,"A: unspecified role, B: unspecified role",9,HTT
H4C13,0.56,"A: unspecified role, B: unspecified role",3,HTT
PBX4,0.56,"A: unspecified role, B: unspecified role",3,HTT
MCRS1,0.56,"A: unspecified role, B: unspecified role",3,HTT
IL16,0.56,"A: unspecified role, B: unspecified role",15,HTT
AAMDC,0.56,"A: unspecified role, B: unspecified role",3,HTT
NCLN,0.56,"A: unspecified role, B: unspecified role",9,HTT
NDUFB10,0.56,"A: unspecified role, B: unspecified role",3,HTT
UTP6,0.56,"A: unspecified role, B: unspecified role",3,HTT
FAM167A,0.56,"A: unspecified role, B: unspecified role",6,HTT
ADIPOQ,0.56,"A: unspecified role, B: unspecified role",9,HTT
TANK,0.56,"A: unspecified role, B: unspecified role",9,HTT
HADHA,0.56,"A: unspecified role, B: unspecified role",3,HTT
ACTR1B,0.56,"A: unspecified role, B: unspecified role",3,HTT
KCNAB2,0.56,"A: unspecified role, B: unspecified role",3,HTT
SF3A3,0.56,"A: unspecified role, B: unspecified role",3,HTT
TMA16,0.56,"A: unspecified role, B: unspecified role",3,HTT
ZMYM6,0.56,"A: unspecified role, B: unspecified role",3,HTT
STRC,0.56,"A: unspecified role, B: unspecified role",6,HTT
EIF5,0.56,"A: unspecified role, B: unspecified role",3,HTT
OTOGL,0.56,"A: unspecified role, B: unspecified role",3,HTT
ABT1,0.56,"A: unspecified role, B: unspecified role",9,HTT
LDHAL6B,0.56,"A: unspecified role, B: unspecified role",18,HTT
DAPP1,0.56,"A: unspecified role, B: unspecified role",9,HTT
RAD23A,0.56,"A: unspecified role, B: unspecified role",3,HTT
TANK,0.56,"A: unspecified role, B: unspecified role",3,HTT
B7Z3E8,0.56,"A: unspecified role, B: unspecified role",6,HTT
ENTPD5,0.56,"A: unspecified role, B: unspecified role",3,HTT
EPS8L1,0.56,"A: unspecified role, B: unspecified role",3,HTT
F8A2,0.56,"A: unspecified role, B: unspecified role",3,HTT
TBP,0.56,"A: unspecified role, B: unspecified role",9,HTT
CHMP1A,0.56,"A: unspecified role, B: unspecified role",12,HTT
SPANXC,0.56,"A: unspecified role, B: unspecified role",3,HTT
CABCOCO1,0.56,"A: unspecified role, B: unspecified role",3,HTT
FOXR1,0.56,"A: unspecified role, B: unspecified role",12,HTT
ACTB,0.56,"A: unspecified role, B: unspecified role",3,HTT
ZKSCAN3,0.56,"A: unspecified role, B: unspecified role",3,HTT
TPI1,0.56,"A: unspecified role, B: unspecified role",6,HTT
USP24,0.56,"A: unspecified role, B: unspecified role",21,HTT
CAMKK1,0.56,"A: unspecified role, B: unspecified role",9,HTT
PRKACA,0.56,"A: unspecified role, B: unspecified role",3,HTT
HSPA2,0.56,"A: unspecified role, B: unspecified role",3,HTT
RPS12,0.56,"A: unspecified role, B: unspecified role",3,HTT
NXT2,0.56,"A: unspecified role, B: unspecified role",15,HTT
SNX12,0.56,"A: unspecified role, B: unspecified role",3,HTT
AHDC1,0.56,"A: unspecified role, B: unspecified role",12,HTT
A8K878,0.56,"A: unspecified role, B: unspecified role",21,HTT
EDRF1,0.56,"A: unspecified role, B: unspecified role",18,HTT
TMEM115,0.56,"A: unspecified role, B: unspecified role",3,HTT
SMARCB1,0.56,"A: unspecified role, B: unspecified role",9,HTT
DLX3,0.56,"A: unspecified role, B: unspecified role",3,HTT
PRUNE2,0.56,"A: unspecified role, B: unspecified role",3,HTT
ZNF286A,0.56,"A: unspecified role, B: unspecified role",9,HTT
PPARD,0.56,"A: unspecified role, B: unspecified role",3,HTT
NDUFS1,0.56,"A: unspecified role, B: unspecified role",6,HTT
TASOR2,0.56,"A: unspecified role, B: unspecified role",12,HTT
CSTPP1,0.56,"A: unspecified role, B: unspecified role",6,HTT
MED28,0.56,"A: unspecified role, B: unspecified role",9,HTT
DES,0.56,"A: unspecified role, B: unspecified role",9,HTT
TMEM47,0.56,"A: unspecified role, B: unspecified role",3,HTT
TRAF2,0.56,"A: unspecified role, B: unspecified role",3,HTT
ARMCX5,0.56,"A: unspecified role, B: unspecified role",6,HTT
RPL27,0.56,"A: unspecified role, B: unspecified role",6,HTT
RNF111,0.56,"A: unspecified role, B: unspecified role",18,HTT
TOMM22,0.56,"A: unspecified role, B: unspecified role",6,HTT
GPM6A,0.56,"A: unspecified role, B: unspecified role",3,HTT
SERTAD1,0.56,"A: unspecified role, B: unspecified role",3,HTT
HNRNPC,0.56,"A: unspecified role, B: unspecified role",9,HTT
BBLN,0.56,"A: unspecified role, B: unspecified role",6,HTT
CCIN,0.56,"A: unspecified role, B: unspecified role",3,HTT
A4FUJ8,0.56,"A: unspecified role, B: unspecified role",15,HTT
MMUT,0.56,"A: unspecified role, B: unspecified role",12,HTT
ZBTB24,0.56,"A: unspecified role, B: unspecified role",9,HTT
NHP2,0.56,"A: unspecified role, B: unspecified role",3,HTT
LHX6,0.56,"A: unspecified role, B: unspecified role",12,HTT
SEC13,0.56,"A: unspecified role, B: unspecified role",15,HTT
F8A1,0.56,"A: unspecified role, B: unspecified role",3,HTT
ZNF697,0.56,"A: unspecified role, B: unspecified role",3,HTT
TMEM106B,0.56,"A: unspecified role, B: unspecified role",3,HTT
TNIP3,0.56,"A: unspecified role, B: unspecified role",9,HTT
CDS2,0.56,"A: unspecified role, B: unspecified role",9,HTT
RBM5,0.56,"A: unspecified role, B: unspecified role",6,HTT
PIK3CA,0.56,"A: unspecified role, B: unspecified role",3,HTT
HK3,0.56,"A: unspecified role, B: unspecified role",3,HTT
RUSC1-AS1,0.56,"A: unspecified role, B: unspecified role",6,HTT
TTC23,0.56,"A: unspecified role, B: unspecified role",18,HTT
ASCL4,0.56,"A: unspecified role, B: unspecified role",6,HTT
MALSU1,0.56,"A: unspecified role, B: unspecified role",6,HTT
PALMD,0.56,"A: unspecified role, B: unspecified role",6,HTT
RPS15A,0.56,"A: unspecified role, B: unspecified role",3,HTT
MGARP,0.56,"A: unspecified role, B: unspecified role",21,HTT
KNSTRN,0.56,"A: unspecified role, B: unspecified role",3,HTT
FASTKD1,0.56,"A: unspecified role, B: unspecified role",9,HTT
LUC7L2,0.56,"A: unspecified role, B: unspecified role",9,HTT
HIRIP3,0.56,"A: unspecified role, B: unspecified role",6,HTT
MAP3K5,0.56,"A: unspecified role, B: unspecified role",6,HTT
SOX7,0.56,"A: unspecified role, B: unspecified role",15,HTT
UBQLN2,0.56,"A: unspecified role, B: unspecified role",12,HTT
RPL15,0.56,"A: unspecified role, B: unspecified role",3,HTT
NACAD,0.56,"A: unspecified role, B: unspecified role",15,HTT
H4C4,0.56,"A: unspecified role, B: unspecified role",3,HTT
NPTN,0.56,"A: unspecified role, B: unspecified role",6,HTT
PSMB3,0.56,"A: unspecified role, B: unspecified role",3,HTT
RPS19,0.56,"A: unspecified role, B: unspecified role",3,HTT
OPTN,0.56,"A: unspecified role, B: unspecified role",18,HTT
Q53TL4,0.56,"A: unspecified role, B: unspecified role",3,HTT
KLHL20,0.56,"A: unspecified role, B: unspecified role",9,HTT
SSU72,0.56,"A: unspecified role, B: unspecified role",3,HTT
RPL19,0.56,"A: unspecified role, B: unspecified role",6,HTT
TADA2B,0.56,"A: unspecified role, B: unspecified role",3,HTT
LDHB,0.56,"A: unspecified role, B: unspecified role",9,HTT
YY1AP1,0.56,"A: unspecified role, B: unspecified role",3,HTT
ESRP1,0.56,"A: unspecified role, B: unspecified role",6,HTT
LHX5,0.56,"A: unspecified role, B: unspecified role",15,HTT
KRT33B,0.56,"A: unspecified role, B: unspecified role",12,HTT
DDX39A,0.56,"A: unspecified role, B: unspecified role",3,HTT
HDAC10,0.56,"A: unspecified role, B: unspecified role",21,HTT
G2E3,0.56,"A: unspecified role, B: unspecified role",6,HTT
CCNG1,0.56,"A: unspecified role, B: unspecified role",3,HTT
CRK,0.56,"A: unspecified role, B: unspecified role",3,HTT
RIMKLA,0.56,"A: unspecified role, B: unspecified role",3,HTT
SRRT,0.56,"A: unspecified role, B: unspecified role",6,HTT
RBPMS,0.56,"A: unspecified role, B: unspecified role",3,HTT
SNX33,0.56,"A: unspecified role, B: unspecified role",6,HTT
SASS6,0.56,"A: unspecified role, B: unspecified role",15,HTT
DPAGT1,0.56,"A: unspecified role, B: unspecified role",3,HTT
AK3,0.56,"A: unspecified role, B: unspecified role",9,HTT
KCNMB2,0.56,"A: unspecified role, B: unspecified role",3,HTT
SEPTIN7,0.56,"A: unspecified role, B: unspecified role",9,HTT
SSB,0.56,"A: unspecified role, B: unspecified role",3,HTT
SREBF1,0.56,"A: unspecified role, B: unspecified role",3,HTT
KCTD15,0.56,"A: unspecified role, B: unspecified role",6,HTT
ARCN1,0.56,"A: unspecified role, B: unspecified role",3,HTT
DELE1,0.56,"A: unspecified role, B: unspecified role",18,HTT
YIF1A,0.56,"A: unspecified role, B: unspecified role",12,HTT
TCP1,0.56,"A: unspecified role, B: unspecified role",3,HTT
H4C9,0.56,"A: unspecified role, B: unspecified role",3,HTT
PRPF40A,0.56,"A: unspecified role, B: unspecified role",9,HTT
VIL1,0.56,"A: unspecified role, B: unspecified role",3,HTT
SCRN1,0.56,"A: unspecified role, B: unspecified role",3,HTT
SP6,0.56,"A: unspecified role, B: unspecified role",3,HTT
PIK3R1,0.56,"A: unspecified role, B: unspecified role",18,HTT
C7orf31,0.56,"A: unspecified role, B: unspecified role",3,HTT
CLRN3,0.56,"A: unspecified role, B: unspecified role",9,HTT
Q96IQ6,0.56,"A: unspecified role, B: unspecified role",6,HTT
CCDC9,0.56,"A: unspecified role, B: unspecified role",3,HTT
CDC5L,0.56,"A: unspecified role, B: unspecified role",3,HTT
H3-5,0.56,"A: unspecified role, B: unspecified role",15,HTT
NEK8,0.56,"A: unspecified role, B: unspecified role",3,HTT
VAT1L,0.56,"A: unspecified role, B: unspecified role",3,HTT
PPP1R16B,0.56,"A: unspecified role, B: unspecified role",3,HTT
CREB1,0.56,"A: unspecified role, B: unspecified role",3,HTT
NSMF,0.56,"A: unspecified role, B: unspecified role",6,HTT
METTL27,0.56,"A: unspecified role, B: unspecified role",9,HTT
PAK5,0.56,"A: unspecified role, B: unspecified role",3,HTT
FANCF,0.56,"A: unspecified role, B: unspecified role",3,HTT
CEP70,0.56,"A: unspecified role, B: unspecified role",6,HTT
ASIC4,0.56,"A: unspecified role, B: unspecified role",3,HTT
CCT5,0.56,"A: unspecified role, B: unspecified role",3,HTT
KMO,0.56,"A: unspecified role, B: unspecified role",3,HTT
STUB1,0.56,"A: unspecified role, B: unspecified role",12,HTT
BRK1,0.56,"A: unspecified role, B: unspecified role",6,HTT
TFG,0.56,"A: unspecified role, B: unspecified role",3,HTT
RBM11,0.56,"A: unspecified role, B: unspecified role",9,HTT
CAPN10,0.56,"A: unspecified role, B: unspecified role",12,HTT
LINC00518,0.56,"A: unspecified role, B: unspecified role",6,HTT
PTGDS,0.56,"A: unspecified role, B: unspecified role",3,HTT
CASP1,0.56,"A: unspecified role, B: unspecified role",3,HTT
SNAP25,0.56,"A: unspecified role, B: unspecified role",9,HTT
SLC25A11,0.56,"A: unspecified role, B: unspecified role",6,HTT
TUBGCP4,0.56,"A: unspecified role, B: unspecified role",6,HTT
ALDH1L2,0.56,"A: unspecified role, B: unspecified role",3,HTT
LSM8,0.56,"A: unspecified role, B: unspecified role",15,HTT
C1QTNF3,0.56,"A: unspecified role, B: unspecified role",3,HTT
ZNF138,0.56,"A: unspecified role, B: unspecified role",9,HTT
SETDB1,0.56,"A: unspecified role, B: unspecified role",15,HTT
RPL18,0.56,"A: unspecified role, B: unspecified role",12,HTT
GTPBP4,0.56,"A: unspecified role, B: unspecified role",3,HTT
MRPL13,0.56,"A: unspecified role, B: unspecified role",3,HTT
NEBL,0.56,"A: unspecified role, B: unspecified role",18,HTT
PINK1,0.56,"A: unspecified role, B: unspecified role",9,HTT
IFT20,0.56,"A: unspecified role, B: unspecified role",18,HTT
CLEC11A,0.56,"A: unspecified role, B: unspecified role",12,HTT
Q86V28,0.56,"A: unspecified role, B: unspecified role",6,HTT
KAT5,0.56,"A: unspecified role, B: unspecified role",15,HTT
CCDC7,0.56,"A: unspecified role, B: unspecified role",18,HTT
PDLIM5,0.56,"A: unspecified role, B: unspecified role",9,HTT
CBX1,0.56,"A: unspecified role, B: unspecified role",15,HTT
LIN28A,0.56,"A: unspecified role, B: unspecified role",18,HTT
ASPH,0.56,"A: unspecified role, B: unspecified role",3,HTT
TTC19,0.56,"A: unspecified role, B: unspecified role",3,HTT
NGEF,0.56,"A: unspecified role, B: unspecified role",3,HTT
H3C15,0.56,"A: unspecified role, B: unspecified role",18,HTT
MED15,0.56,"A: unspecified role, B: unspecified role",6,HTT
RNF38,0.56,"A: unspecified role, B: unspecified role",21,HTT
HAUS7,0.56,"A: unspecified role, B: unspecified role",18,HTT
SYT6,0.56,"A: unspecified role, B: unspecified role",3,HTT
PLA2G4C,0.56,"A: unspecified role, B: unspecified role",12,HTT
PFDN5,0.56,"A: unspecified role, B: unspecified role",3,HTT
DLST,0.56,"A: unspecified role, B: unspecified role",3,HTT
AGK,0.56,"A: unspecified role, B: unspecified role",12,HTT
PIWIL1,0.56,"A: unspecified role, B: unspecified role",3,HTT
H4C3,0.56,"A: unspecified role, B: unspecified role",3,HTT
TTC1,0.56,"A: unspecified role, B: unspecified role",9,HTT
RINT1,0.56,"A: unspecified role, B: unspecified role",3,HTT
PLEKHG7,0.56,"A: unspecified role, B: unspecified role",12,HTT
BBX,0.56,"A: unspecified role, B: unspecified role",6,HTT
TEX55,0.56,"A: unspecified role, B: unspecified role",3,HTT
SMARCC2,0.56,"A: unspecified role, B: unspecified role",3,HTT
DCTN4,0.56,"A: unspecified role, B: unspecified role",3,HTT
NFKB1,0.56,"A: unspecified role, B: unspecified role",3,HTT
LONRF2,0.56,"A: unspecified role, B: unspecified role",3,HTT
SAMD4A,0.56,"A: unspecified role, B: unspecified role",3,HTT
TEAD1,0.56,"A: unspecified role, B: unspecified role",18,HTT
SMARCD1,0.56,"A: unspecified role, B: unspecified role",12,HTT
H3C14,0.56,"A: unspecified role, B: unspecified role",18,HTT
TIMM8A,0.56,"A: unspecified role, B: unspecified role",15,HTT
PDE1A,0.56,"A: unspecified role, B: unspecified role",3,HTT
ZNF302,0.56,"A: unspecified role, B: unspecified role",3,HTT
TRIM35,0.56,"A: unspecified role, B: unspecified role",9,HTT
EEF1A2,0.56,"A: unspecified role, B: unspecified role",3,HTT
ZDHHC19,0.56,"A: unspecified role, B: unspecified role",3,HTT
LNX1,0.56,"A: unspecified role, B: unspecified role",6,HTT
TXN2,0.56,"A: unspecified role, B: unspecified role",3,HTT
FSBP,0.56,"A: unspecified role, B: unspecified role",3,HTT
SYT3,0.56,"A: unspecified role, B: unspecified role",12,HTT
CLPP,0.56,"A: unspecified role, B: unspecified role",6,HTT
GIMAP2,0.56,"A: unspecified role, B: unspecified role",6,HTT
VPS37A,0.56,"A: unspecified role, B: unspecified role",6,HTT
DPYSL5,0.56,"A: unspecified role, B: unspecified role",9,HTT
SULT4A1,0.56,"A: unspecified role, B: unspecified role",15,HTT
SPRED2,0.56,"A: unspecified role, B: unspecified role",6,HTT
BAIAP2,0.56,"A: unspecified role, B: unspecified role",18,HTT
SHLD1,0.56,"A: unspecified role, B: unspecified role",3,HTT
NOD1,0.56,"A: unspecified role, B: unspecified role",9,HTT
SYMPK,0.56,"A: unspecified role, B: unspecified role",3,HTT
UBE2I,0.56,"A: unspecified role, B: unspecified role",3,HTT
SCAPER,0.56,"A: unspecified role, B: unspecified role",6,HTT
H4C8,0.56,"A: unspecified role, B: unspecified role",3,HTT
GSK3A,0.56,"A: unspecified role, B: unspecified role",6,HTT
DNM2,0.56,"A: unspecified role, B: unspecified role",6,HTT
PATZ1,0.56,"A: unspecified role, B: unspecified role",3,HTT
ATL1,0.56,"A: unspecified role, B: unspecified role",18,HTT
COG8,0.56,"A: unspecified role, B: unspecified role",12,HTT
FAM111B,0.56,"A: unspecified role, B: unspecified role",12,HTT
NAP1L2,0.56,"A: unspecified role, B: unspecified role",3,HTT
CRYAA,0.56,"A: unspecified role, B: unspecified role",3,HTT
IGFBP4,0.56,"A: unspecified role, B: unspecified role",6,HTT
KIAA1217,0.56,"A: unspecified role, B: unspecified role",3,HTT
FAM76B,0.56,"A: unspecified role, B: unspecified role",6,HTT
LPIN1,0.56,"A: unspecified role, B: unspecified role",12,HTT
PSMD3,0.56,"A: unspecified role, B: unspecified role",3,HTT
ZNF57,0.56,"A: unspecified role, B: unspecified role",15,HTT
CUL3,0.56,"A: unspecified role, B: unspecified role",3,HTT
ZNF829,0.56,"A: unspecified role, B: unspecified role",6,HTT
SUMO1,0.56,"A: unspecified role, B: unspecified role",3,HTT
DNAJB4,0.56,"A: unspecified role, B: unspecified role",3,HTT
FBH1,0.56,"A: unspecified role, B: unspecified role",6,HTT
KIAA0040,0.56,"A: unspecified role, B: unspecified role",3,HTT
RBFOX2,0.56,"A: unspecified role, B: unspecified role",3,HTT
SAMD3,0.56,"A: unspecified role, B: unspecified role",3,HTT
XAB2,0.56,"A: unspecified role, B: unspecified role",3,HTT
GPR141,0.56,"A: unspecified role, B: unspecified role",3,HTT
MICAL2,0.56,"A: unspecified role, B: unspecified role",3,HTT
DDX20,0.56,"A: unspecified role, B: unspecified role",6,HTT
REXO4,0.56,"A: unspecified role, B: unspecified role",3,HTT
CENPS,0.56,"A: unspecified role, B: unspecified role",3,HTT
NME5,0.56,"A: unspecified role, B: unspecified role",6,HTT
OPCML,0.56,"A: unspecified role, B: unspecified role",3,HTT
RPL22,0.56,"A: unspecified role, B: unspecified role",3,HTT
SRRT,0.56,"A: unspecified role, B: unspecified role",3,HTT
UBC,0.56,"A: unspecified role, B: unspecified role",3,HTT
IPO5,0.56,"A: unspecified role, B: unspecified role",3,HTT
LARP4B,0.56,"A: unspecified role, B: unspecified role",3,HTT
ZBP1,0.56,"A: unspecified role, B: unspecified role",6,HTT
SYMPK,0.56,"A: unspecified role, B: unspecified role",9,HTT
PDPK1,0.56,"A: unspecified role, B: unspecified role",6,HTT
LRRFIP1,0.56,"A: unspecified role, B: unspecified role",3,HTT
C1D,0.56,"A: unspecified role, B: unspecified role",6,HTT
SCFD1,0.56,"A: unspecified role, B: unspecified role",3,HTT
H4C11,0.56,"A: unspecified role, B: unspecified role",3,HTT
SAP30,0.56,"A: unspecified role, B: unspecified role",3,HTT
PELO,0.56,"A: unspecified role, B: unspecified role",12,HTT
C7orf50,0.56,"A: unspecified role, B: unspecified role",6,HTT
UBE2D4,0.56,"A: unspecified role, B: unspecified role",3,HTT
TAGLN2,0.56,"A: unspecified role, B: unspecified role",3,HTT
EMILIN1,0.56,"A: unspecified role, B: unspecified role",3,HTT
GPX7,0.56,"A: unspecified role, B: unspecified role",3,HTT
SCLT1,0.56,"A: unspecified role, B: unspecified role",3,HTT
PSMC3,0.56,"A: unspecified role, B: unspecified role",6,HTT
SIK3,0.56,"A: unspecified role, B: unspecified role",3,HTT
GRIK2,0.56,"A: unspecified role, B: unspecified role",9,HTT
CENPV,0.56,"A: unspecified role, B: unspecified role",15,HTT
LGALS14,0.56,"A: unspecified role, B: unspecified role",3,HTT
EIF1AY,0.56,"A: unspecified role, B: unspecified role",6,HTT
DLD,0.56,"A: unspecified role, B: unspecified role",3,HTT
CASP6,0.56,"A: unspecified role, B: unspecified role",15,HTT
DBNL,0.56,"A: unspecified role, B: unspecified role",3,HTT
CDC7,0.56,"A: unspecified role, B: unspecified role",3,HTT
EPB41L1,0.56,"A: unspecified role, B: unspecified role",6,HTT
CEP55,0.56,"A: unspecified role, B: unspecified role",9,HTT
SMN2,0.56,"A: unspecified role, B: unspecified role",9,HTT
MT2A,0.56,"A: unspecified role, B: unspecified role",6,HTT
PPARA,0.56,"A: unspecified role, B: unspecified role",3,HTT
H4C1,0.56,"A: unspecified role, B: unspecified role",3,HTT
FAM9A,0.56,"A: unspecified role, B: unspecified role",18,HTT
GALNT4,0.56,"A: unspecified role, B: unspecified role",12,HTT
EEF2,0.56,"A: unspecified role, B: unspecified role",3,HTT
GPIHBP1,0.56,"A: unspecified role, B: unspecified role",3,HTT
NPFF,0.56,"A: unspecified role, B: unspecified role",18,HTT
ASPH,0.56,"A: unspecified role, B: unspecified role",6,HTT
SOX14,0.56,"A: unspecified role, B: unspecified role",12,HTT
CCNB1IP1,0.56,"A: unspecified role, B: unspecified role",6,HTT
TNFAIP1,0.56,"A: unspecified role, B: unspecified role",3,HTT
TMTC1,0.56,"A: unspecified role, B: unspecified role",6,HTT
CDC42EP4,0.56,"A: unspecified role, B: unspecified role",3,HTT
SPIB,0.56,"A: unspecified role, B: unspecified role",18,HTT
TUBB6,0.56,"A: unspecified role, B: unspecified role",3,HTT
BATF,0.56,"A: unspecified role, B: unspecified role",12,HTT
ANKHD1,0.56,"A: unspecified role, B: unspecified role",3,HTT
AOC3,0.56,"A: unspecified role, B: unspecified role",3,HTT
USH1G,0.56,"A: unspecified role, B: unspecified role",3,HTT
FARSB,0.56,"A: unspecified role, B: unspecified role",3,HTT
H2BC9,0.56,"A: unspecified role, B: unspecified role",18,HTT
TMEM205,0.56,"A: unspecified role, B: unspecified role",3,HTT
C15orf48,0.56,"A: unspecified role, B: unspecified role",3,HTT
ANKRD45,0.56,"A: unspecified role, B: unspecified role",3,HTT
FOXD4L6,0.56,"A: unspecified role, B: unspecified role",6,HTT
H4C12,0.56,"A: unspecified role, B: unspecified role",3,HTT
ATP5PO,0.56,"A: unspecified role, B: unspecified role",6,HTT
RASSF2,0.56,"A: unspecified role, B: unspecified role",3,HTT
TFF2,0.56,"A: unspecified role, B: unspecified role",18,HTT
AP3M1,0.56,"A: unspecified role, B: unspecified role",3,HTT
SH3GL1,0.56,"A: unspecified role, B: unspecified role",3,HTT
BRCA1,0.56,"A: unspecified role, B: unspecified role",3,HTT
PUF60,0.56,"A: unspecified role, B: unspecified role",6,HTT
CXorf38,0.56,"A: unspecified role, B: unspecified role",15,HTT
TUBA1A,0.56,"A: unspecified role, B: unspecified role",3,HTT
QARS1,0.56,"A: unspecified role, B: unspecified role",6,HTT
HES4,0.56,"A: unspecified role, B: unspecified role",12,HTT
MED22,0.56,"A: unspecified role, B: unspecified role",12,HTT
UBA1,0.56,"A: unspecified role, B: unspecified role",3,HTT
HOXA5,0.56,"A: unspecified role, B: unspecified role",9,HTT
CSRP3,0.56,"A: unspecified role, B: unspecified role",3,HTT
ATP6V0D1,0.56,"A: unspecified role, B: unspecified role",6,HTT
PRPF31,0.56,"A: unspecified role, B: unspecified role",3,HTT
INO80E,0.56,"A: unspecified role, B: unspecified role",3,HTT
TIGD1,0.56,"A: unspecified role, B: unspecified role",9,HTT
MAGEA3,0.56,"A: unspecified role, B: unspecified role",6,HTT
AP3B1,0.56,"A: unspecified role, B: unspecified role",6,HTT
GRAP,0.56,"A: unspecified role, B: unspecified role",12,HTT
TMEM30A,0.56,"A: unspecified role, B: unspecified role",3,HTT
TM6SF1,0.56,"A: unspecified role, B: unspecified role",3,HTT
CYP3A5,0.56,"A: unspecified role, B: unspecified role",3,HTT
UBE2H,0.56,"A: unspecified role, B: unspecified role",3,HTT
CHCHD3,0.56,"A: unspecified role, B: unspecified role",6,HTT
PDZK1IP1,0.56,"A: unspecified role, B: unspecified role",21,HTT
VAC14,0.56,"A: unspecified role, B: unspecified role",3,HTT
TCERG1,0.55,"A: unspecified role, B: unspecified role",9,HTT
TACC1,0.55,"A: unspecified role, B: unspecified role",4,HTT
OSTF1,0.55,"A: unspecified role, B: unspecified role",5,HTT
PIK3R1,0.55,"A: unspecified role, B: unspecified role",7,HTT
PRMT2,0.55,"A: unspecified role, B: unspecified role",3,HTT
TRAFD1,0.55,"A: unspecified role, B: unspecified role",5,HTT
SNCA,0.54,"A: unspecified role, B: unspecified role",4,HTT
DDB1,0.53,"A: unspecified role, B: unspecified role",2,HTT
HMGB1,0.52,"A: unspecified role, B: unspecified role",13,HTT
HMG20A,0.51,"A: unspecified role, B: unspecified role",2,HTT
SP1,0.51,"A: unspecified role, B: unspecified role",2,HTT
CEP126,0.51,"A: unspecified role, B: unspecified role",2,HTT
XAGE3,0.51,"A: unspecified role, B: unspecified role",3,HTT
HEY2,0.51,"A: unspecified role, B: unspecified role",2,HTT
TAF4,0.51,"A: unspecified role, B: unspecified role",2,HTT
CHD3,0.51,"A: unspecified role, B: unspecified role",3,HTT
MAGEB6,0.51,"A: unspecified role, B: unspecified role",2,HTT
MBD1,0.51,"A: unspecified role, B: unspecified role",2,HTT
ELP1,0.51,"A: unspecified role, B: unspecified role",4,HTT
ECH1,0.51,"A: unspecified role, B: unspecified role",2,HTT
MAP1LC3B,0.49,"A: unspecified role, B: unspecified role",4,HTT
NBR1,0.46,"A: unspecified role, B: unspecified role",3,HTT
SERF1B,0.44,"A: unspecified role, B: stimulator",1,HTT
SERF1A,0.44,"A: unspecified role, B: stimulator",1,HTT
ATG5,0.43,"A: unspecified role, B: unspecified role",4,HTT
GARIN1B,0.4,"A: unspecified role, B: unspecified role",1,HTT
PALM,0.4,"A: unspecified role, B: unspecified role",1,HTT
ASPH,0.4,"A: unspecified role, B: unspecified role",1,HTT
NXT2,0.4,"A: unspecified role, B: unspecified role",1,HTT
UPF3A,0.4,"A: unspecified role, B: unspecified role",1,HTT
MAGEE1,0.4,"A: unspecified role, B: unspecified role",1,HTT
HMGA1,0.4,"A: unspecified role, B: unspecified role",1,HTT
PSMB7,0.4,"A: unspecified role, B: unspecified role",1,HTT
RABGEF1,0.4,"A: unspecified role, B: unspecified role",1,HTT
MIPEP,0.4,"A: unspecified role, B: unspecified role",1,HTT
FEM1B,0.4,"A: unspecified role, B: unspecified role",1,HTT
SPART,0.4,"A: unspecified role, B: unspecified role",1,HTT
PTGES2,0.4,"A: unspecified role, B: unspecified role",1,HTT
TM4SF19,0.4,"A: unspecified role, B: unspecified role",1,HTT
CCDC126,0.4,"A: unspecified role, B: unspecified role",1,HTT
PAK2,0.4,"A: unspecified role, B: unspecified role",2,HTT
DOCK11,0.37,"A: unspecified role, B: unspecified role",1,HTT
ARHGAP24,0.37,"A: unspecified role, B: unspecified role",3,HTT
MRE11,0.37,"A: unspecified role, B: unspecified role",5,HTT
API5,0.37,"A: unspecified role, B: unspecified role",1,HTT
PIK3R2,0.37,"A: unspecified role, B: unspecified role",6,HTT
CLASP1,0.37,"A: unspecified role, B: unspecified role",2,HTT
PPA2,0.37,"A: unspecified role, B: unspecified role",1,HTT
BDKRB1,0.37,"A: unspecified role, B: unspecified role",1,HTT
DNM2,0.37,"A: unspecified role, B: unspecified role",2,HTT
ARHGAP25,0.37,"A: unspecified role, B: unspecified role",2,HTT
TOGARAM1,0.37,"A: unspecified role, B: unspecified role",2,HTT
MED15,0.37,"A: unspecified role, B: unspecified role",3,HTT
MBD4,0.37,"A: unspecified role, B: unspecified role",1,HTT
EHMT1,0.37,"A: unspecified role, B: unspecified role",1,HTT
WAC,0.37,"A: unspecified role, B: unspecified role",5,HTT
NAPB,0.37,"A: unspecified role, B: unspecified role",2,HTT
MTSS1,0.37,"A: unspecified role, B: unspecified role",3,HTT
SUPT5H,0.37,"A: unspecified role, B: unspecified role",1,HTT
HEYL,0.37,"A: unspecified role, B: unspecified role",1,HTT
PEX11B,0.37,"A: unspecified role, B: unspecified role",1,HTT
SRGAP1,0.37,"A: unspecified role, B: unspecified role",4,HTT
P4HA1,0.37,"A: unspecified role, B: unspecified role",5,HTT
ZNF91,0.37,"A: unspecified role, B: unspecified role",1,HTT
DUSP10,0.37,"A: unspecified role, B: unspecified role",1,HTT
SORBS1,0.37,"A: unspecified role, B: unspecified role",4,HTT
ING5,0.37,"A: unspecified role, B: unspecified role",1,HTT
ADD3,0.37,"A: unspecified role, B: unspecified role",1,HTT
NUB1,0.37,"A: unspecified role, B: unspecified role",1,HTT
DNM1,0.37,"A: unspecified role, B: unspecified role",3,HTT
USP9X,0.37,"A: unspecified role, B: unspecified role",8,HTT
ZMYND8,0.37,"A: unspecified role, B: unspecified role",1,HTT
CCDC88A,0.37,"A: unspecified role, B: unspecified role",1,HTT
UBE2E3,0.37,"A: unspecified role, B: unspecified role",1,HTT
GGA2,0.37,"A: unspecified role, B: unspecified role",1,HTT
DNAJC11,0.37,"A: unspecified role, B: unspecified role",3,HTT
SRGAP3,0.37,"A: unspecified role, B: unspecified role",4,HTT
LDOC1,0.37,"A: unspecified role, B: unspecified role",5,HTT
IFT20,0.37,"A: unspecified role, B: unspecified role",1,HTT
ZNF133,0.37,"A: unspecified role, B: unspecified role",1,HTT
SETD2,0.37,"A: unspecified role, B: unspecified role",4,HTT
SRGAP2,0.37,"A: unspecified role, B: unspecified role",3,HTT
TTC23,0.37,"A: unspecified role, B: unspecified role",1,HTT
PIBF1,0.37,"A: unspecified role, B: unspecified role",3,HTT
MTUS1,0.37,"A: unspecified role, B: unspecified role",1,HTT
NCOR1,0.37,"A: unspecified role, B: unspecified role",3,HTT
BAIAP2,0.37,"A: unspecified role, B: unspecified role",2,HTT
ZNF451,0.37,"A: unspecified role, B: unspecified role",1,HTT
EVL,0.37,"A: unspecified role, B: unspecified role",1,HTT
DNAJC21,0.37,"A: unspecified role, B: unspecified role",6,HTT
FNBP4,0.37,"A: unspecified role, B: unspecified role",6,HTT
BZW2,0.37,"A: unspecified role, B: unspecified role",1,HTT
ODF2L,0.37,"A: unspecified role, B: unspecified role",2,HTT
DOCK9,0.37,"A: unspecified role, B: unspecified role",2,HTT
HSPD1,0.37,"A: unspecified role, B: unspecified role",1,HTT
TSHZ3,0.37,"A: unspecified role, B: unspecified role",1,HTT
ZNF675,0.37,"A: unspecified role, B: unspecified role",1,HTT
SREBF2,0.37,"A: unspecified role, B: unspecified role",2,HTT
SASH1,0.37,"A: unspecified role, B: unspecified role",2,HTT
MED21,0.37,"A: unspecified role, B: unspecified role",1,HTT
MEF2D,0.37,"A: unspecified role, B: unspecified role",1,HTT
BAZ1A,0.37,"A: unspecified role, B: unspecified role",4,HTT
TANK,0.37,"A: unspecified role, B: unspecified role",3,HTT
MACO1,0.37,"A: unspecified role, B: unspecified role",1,HTT
DPPA4,0.37,"A: unspecified role, B: unspecified role",1,HTT
CEP63,0.37,"A: unspecified role, B: unspecified role",1,HTT
NFKB1,0.37,"A: unspecified role, B: unspecified role",2,HTT
APBB2,0.37,"A: unspecified role, B: unspecified role",2,HTT
CUL2,0.37,"A: unspecified role, B: unspecified role",1,HTT
SRRT,0.37,"A: unspecified role, B: unspecified role",3,HTT
AP2A2,0.37,"A: unspecified role, B: unspecified role",1,HTT
ETV4,0.37,"A: unspecified role, B: unspecified role",1,HTT
WBP4,0.37,"A: unspecified role, B: unspecified role",3,HTT
EPB41L3,0.35,"A: unspecified role, B: unspecified role",1,HTT
TKT,0.35,"A: unspecified role, B: unspecified role",1,HTT
LRRK2,0.35,"A: unspecified role, B: unspecified role",2,HTT
HSD17B10,0.35,"A: unspecified role, B: unspecified role",1,HTT
CRYL1,0.35,"A: unspecified role, B: unspecified role",1,HTT
PARD6A,0.35,"A: unspecified role, B: unspecified role",1,HTT
ACLY,0.35,"A: unspecified role, B: unspecified role",1,HTT
ATG12,0.35,"A: unspecified role, B: unspecified role",1,HTT
CNOT2,0.35,"A: unspecified role, B: unspecified role",1,HTT
HAUS2,0.35,"A: unspecified role, B: unspecified role",1,HTT
RUVBL1,0.35,"A: unspecified role, B: unspecified role",1,HTT
AP2B1,0.35,"A: unspecified role, B: unspecified role",1,HTT
ACTA1,0.35,"A: unspecified role, B: unspecified role",1,HTT
HAUS4,0.35,"A: unspecified role, B: unspecified role",1,HTT
OPRM1,0.35,"A: unspecified role, B: unspecified role",1,HTT
ATXN2L,0.35,"A: unspecified role, B: unspecified role",1,HTT
IPO7,0.35,"A: unspecified role, B: unspecified role",1,HTT
YWHAG,0.35,"A: unspecified role, B: unspecified role",2,HTT
NPY2R,0.35,"A: unspecified role, B: unspecified role",1,HTT
FBN2,0.35,"A: unspecified role, B: unspecified role",1,HTT
MAPK3,0.35,"A: unspecified role, B: unspecified role",1,HTT
HSPA1A,0.35,"A: unspecified role, B: unspecified role",1,HTT
HAUS5,0.35,"A: unspecified role, B: unspecified role",1,HTT
THY1,0.35,"A: unspecified role, B: unspecified role",1,HTT
NDUFS3,0.35,"A: unspecified role, B: unspecified role",2,HTT
OPCML,0.35,"A: unspecified role, B: unspecified role",1,HTT
IL17RA,0.35,"A: unspecified role, B: unspecified role",1,HTT
UQCRC2,0.35,"A: unspecified role, B: unspecified role",1,HTT
PSMA5,0.35,"A: unspecified role, B: unspecified role",1,HTT
PSMD2,0.35,"A: unspecified role, B: unspecified role",1,HTT
VDAC1,0.35,"A: unspecified role, B: unspecified role",2,HTT
MT-CO3,0.35,"A: unspecified role, B: unspecified role",1,HTT
HLA-B,0.35,"A: unspecified role, B: unspecified role",1,HTT
SYT12,0.35,"A: unspecified role, B: unspecified role",1,HTT
POLR1C,0.35,"A: unspecified role, B: unspecified role",1,HTT
P0C739,0.35,"A: unspecified role, B: unspecified role",1,HTT
PHB2,0.35,"A: unspecified role, B: unspecified role",1,HTT
PABPC1,0.35,"A: unspecified role, B: unspecified role",1,HTT
RANBP1,0.35,"A: unspecified role, B: unspecified role",1,HTT
OGT,0.35,"A: unspecified role, B: unspecified role",1,HTT
RAB11A,0.35,"A: unspecified role, B: unspecified role",1,HTT
STIP1,0.35,"A: unspecified role, B: unspecified role",1,HTT
POLR2H,0.35,"A: unspecified role, B: unspecified role",1,HTT
Q6ZTQ7,0.35,"A: unspecified role, B: unspecified role",1,HTT
CNOT8,0.35,"A: unspecified role, B: unspecified role",1,HTT
PPP1R10,0.35,"A: unspecified role, B: unspecified role",1,HTT
PLP1,0.35,"A: unspecified role, B: unspecified role",1,HTT
RAC1,0.35,"A: unspecified role, B: unspecified role",1,HTT
NTM,0.35,"A: unspecified role, B: unspecified role",1,HTT
PSMD1,0.35,"A: unspecified role, B: unspecified role",1,HTT
ENSG00000290263,0.35,"A: unspecified role, B: unspecified role",1,HTT
SLC6A1,0.35,"A: unspecified role, B: unspecified role",1,HTT
LAMTOR5,0.35,"A: unspecified role, B: unspecified role",1,HTT
HSPA1B,0.35,"A: unspecified role, B: unspecified role",1,HTT
NEFL,0.35,"A: unspecified role, B: unspecified role",1,HTT
UQCRC1,0.35,"A: unspecified role, B: unspecified role",1,HTT
EEF1G,0.35,"A: unspecified role, B: unspecified role",1,HTT
DNAJB6,0.35,"A: unspecified role, B: unspecified role",1,HTT
CAD,0.35,"A: unspecified role, B: unspecified role",1,HTT
B7Z6Q5,0.35,"A: unspecified role, B: unspecified role",1,HTT
COX6B1,0.35,"A: unspecified role, B: unspecified role",1,HTT
LSM12,0.35,"A: unspecified role, B: unspecified role",1,HTT
ALDOC,0.35,"A: unspecified role, B: unspecified role",1,HTT
NEGR1,0.35,"A: unspecified role, B: unspecified role",1,HTT
CSNK2A1,0.35,"A: unspecified role, B: unspecified role",1,HTT
SNX21,0.35,"A: unspecified role, B: unspecified role",1,HTT
PSMD6,0.35,"A: unspecified role, B: unspecified role",1,HTT
SNAP25,0.35,"A: unspecified role, B: unspecified role",1,HTT
NRBP1,0.35,"A: unspecified role, B: unspecified role",1,HTT
HUWE1,0.35,"A: unspecified role, B: unspecified role",1,HTT
ACTBL2,0.35,"A: unspecified role, B: unspecified role",1,HTT
LSAMP,0.35,"A: unspecified role, B: unspecified role",1,HTT
PARD3,0.35,"A: unspecified role, B: unspecified role",1,HTT
CARM1,0.35,"A: unspecified role, B: unspecified role",1,HTT
DIRAS2,0.35,"A: unspecified role, B: unspecified role",1,HTT
UQCRH,0.35,"A: unspecified role, B: unspecified role",1,HTT
PABPC4,0.35,"A: unspecified role, B: unspecified role",1,HTT
NDUFV1,0.35,"A: unspecified role, B: unspecified role",1,HTT
MT-CO2,0.35,"A: unspecified role, B: unspecified role",2,HTT
LSM5,0.35,"A: unspecified role, B: unspecified role",1,HTT
WDR82,0.35,"A: unspecified role, B: unspecified role",1,HTT
PSMD13,0.35,"A: unspecified role, B: unspecified role",1,HTT
SEC13,0.35,"A: unspecified role, B: unspecified role",1,HTT
CNOT3,0.35,"A: unspecified role, B: unspecified role",1,HTT
RAPGEF2,0.35,"A: unspecified role, B: unspecified role",1,HTT
SRP9,0.35,"A: unspecified role, B: unspecified role",1,HTT
CLTC,0.35,"A: unspecified role, B: unspecified role",2,HTT
COMMD4,0.35,"A: unspecified role, B: unspecified role",1,HTT
SEPTIN7,0.35,"A: unspecified role, B: unspecified role",1,HTT
BAG6,0.35,"A: unspecified role, B: unspecified role",1,HTT
BAG2,0.35,"A: unspecified role, B: unspecified role",2,HTT
EPPK1,0.35,"A: unspecified role, B: unspecified role",1,HTT
COX5A,0.35,"A: unspecified role, B: unspecified role",1,HTT
MORC3,0.35,"A: unspecified role, B: unspecified role",1,HTT
ATG16L1,0.35,"A: unspecified role, B: unspecified role",1,HTT
ALDOA,0.35,"A: unspecified role, B: unspecified role",1,HTT
STX1B,0.35,"A: unspecified role, B: unspecified role",1,HTT
SIRPA,0.35,"A: unspecified role, B: unspecified role",1,HTT
NPTN,0.35,"A: unspecified role, B: unspecified role",1,HTT
P03220,0.35,"A: unspecified role, B: unspecified role",1,HTT
BAG3,0.35,"A: unspecified role, B: unspecified role",1,HTT
KDM1A,0.35,"A: unspecified role, B: unspecified role",1,HTT
COMMD3,0.35,"A: unspecified role, B: unspecified role",1,HTT
LLGL1,0.35,"A: unspecified role, B: unspecified role",1,HTT
HGS,0.35,"A: unspecified role, B: unspecified role",1,HTT
NEFM,0.35,"A: unspecified role, B: unspecified role",1,HTT
EPB41,0.35,"A: unspecified role, B: unspecified role",1,HTT
PPP6C,0.35,"A: unspecified role, B: unspecified role",1,HTT
RAB30,0.35,"A: unspecified role, B: unspecified role",1,HTT
RBM25,0.35,"A: unspecified role, B: unspecified role",1,HTT
STX1A,0.35,"A: unspecified role, B: unspecified role",1,HTT
IFT25,0.35,"A: unspecified role, B: unspecified role",1,HTT
KPNB1,0.35,"A: unspecified role, B: unspecified role",1,HTT
IPO9,0.35,"A: unspecified role, B: unspecified role",1,HTT
C5AR2,0.35,"A: unspecified role, B: unspecified role",1,HTT
EIF3B,0.35,"A: unspecified role, B: unspecified role",1,HTT
P0DTC7,0.35,"A: unspecified role, B: unspecified role",1,HTT
CA4,0.35,"A: unspecified role, B: unspecified role",1,HTT
WDR45,0.35,"A: unspecified role, B: unspecified role",1,HTT
DNAJA2,0.35,"A: unspecified role, B: unspecified role",1,HTT
UBL4A,0.35,"A: unspecified role, B: unspecified role",1,HTT
LDHAL6A,0.35,"A: unspecified role, B: unspecified role",1,HTT
KDM5B,0.35,"A: unspecified role, B: unspecified role",1,HTT
SLC25A12,0.35,"A: unspecified role, B: unspecified role",1,HTT
DHX30,0.35,"A: unspecified role, B: unspecified role",1,HTT
MPP1,0.35,"A: unspecified role, B: unspecified role",1,HTT
NDUFS1,0.35,"A: unspecified role, B: unspecified role",1,HTT
KIF23,0.35,"A: unspecified role, B: unspecified role",1,HTT
GEMIN7,0.35,"A: unspecified role, B: unspecified role",1,HTT
GNAZ,0.35,"A: unspecified role, B: unspecified role",1,HTT
TPP1,0.35,"A: unspecified role, B: unspecified role",1,HTT
HAUS3,0.35,"A: unspecified role, B: unspecified role",1,HTT
DPYSL2,0.35,"A: unspecified role, B: unspecified role",1,HTT
HNRNPM,0.35,"A: unspecified role, B: unspecified role",1,HTT
COMMD1,0.35,"A: unspecified role, B: unspecified role",1,HTT
BASP1,0.35,"A: unspecified role, B: unspecified role",2,HTT
VDAC3,0.35,"A: unspecified role, B: unspecified role",1,HTT
ACTR3,0.35,"A: unspecified role, B: unspecified role",1,HTT
HSPB1,0.35,"A: unspecified role, B: unspecified role",2,HTT
CNTN1,0.35,"A: unspecified role, B: unspecified role",2,HTT
SUMO2,0.35,"A: unspecified role, B: unspecified role",1,HTT
SKP1,0.35,"A: unspecified role, B: unspecified role",1,HTT
AKAP8L,0.27,"A: unspecified role, B: unspecified role",1,HTT
MLF2,0.4,"A: unspecified role, B: unspecified role",1,LIG1
H1-2,0.4,"A: unspecified role, B: unspecified role",1,LIG1
MLF1,0.4,"A: unspecified role, B: unspecified role",1,LIG1
TUBB4A,0.37,"A: unspecified role, B: unspecified role",1,LIG1
INPP1,0.37,"A: unspecified role, B: unspecified role",1,LIG1
RGS2,0.37,"A: unspecified role, B: unspecified role",1,LIG1
HSPB1,0.37,"A: unspecified role, B: unspecified role",2,LIG1
RNF166,0.35,"A: unspecified role, B: unspecified role",1,LIG1
AURKA,0.35,"A: unspecified role, B: unspecified role",1,LIG1
PMS2,0.96,"A: unspecified role, B: unspecified role",22,MLH1
MYOG,0.89,"A: unspecified role, B: unspecified role",12,MLH1
BRIP1,0.89,"A: unspecified role, B: unspecified role",18,MLH1
RADX,0.87,"A: unspecified role, B: unspecified role",9,MLH1
UBOX5,0.85,"A: unspecified role, B: unspecified role",7,MLH1
ZC3H11A,0.83,"A: unspecified role, B: unspecified role",7,MLH1
KPNA2,0.83,"A: unspecified role, B: unspecified role",9,MLH1
CBY2,0.8,"A: unspecified role, B: unspecified role",6,MLH1
AP2B1,0.79,"A: unspecified role, B: unspecified role",8,MLH1
CBY2,0.79,"A: unspecified role, B: unspecified role",11,MLH1
MAGEA8,0.78,"A: unspecified role, B: unspecified role",7,MLH1
PSMA1,0.74,"A: unspecified role, B: unspecified role",5,MLH1
MSH3,0.74,"A: unspecified role, B: unspecified role",5,MLH1
TMSB4X,0.73,"A: unspecified role, B: unspecified role",16,MLH1
TASOR2,0.72,"A: unspecified role, B: unspecified role",6,MLH1
PMS1,0.72,"A: unspecified role, B: competitor",1,MLH1
PMS1,0.72,"A: unspecified role, B: unspecified role",4,MLH1
FRMD6,0.67,"A: unspecified role, B: unspecified role",3,MLH1
CCDC33,0.67,"A: unspecified role, B: unspecified role",4,MLH1
CDCA7L,0.67,"A: unspecified role, B: unspecified role",4,MLH1
CDKL5,0.67,"A: unspecified role, B: unspecified role",4,MLH1
FRMD6,0.67,"A: unspecified role, B: unspecified role",4,MLH1
MLH3,0.63,"A: unspecified role, B: unspecified role",3,MLH1
MLH3,0.63,"A: unspecified role, B: competitor",1,MLH1
BRCA1,0.61,"A: unspecified role, B: unspecified role",3,MLH1
DES,0.6,"A: unspecified role, B: unspecified role",7,MLH1
ACTG1,0.6,"A: unspecified role, B: unspecified role",7,MLH1
ANXA2,0.6,"A: unspecified role, B: unspecified role",7,MLH1
SPTAN1,0.6,"A: unspecified role, B: unspecified role",7,MLH1
FSCN1,0.6,"A: unspecified role, B: unspecified role",7,MLH1
CTSB,0.6,"A: unspecified role, B: unspecified role",7,MLH1
ZFP57,0.56,"A: unspecified role, B: unspecified role",3,MLH1
FAM90A1,0.56,"A: unspecified role, B: unspecified role",3,MLH1
NANOS3,0.56,"A: unspecified role, B: unspecified role",3,MLH1
BTBD2,0.56,"A: unspecified role, B: unspecified role",3,MLH1
MORN3,0.56,"A: unspecified role, B: unspecified role",3,MLH1
C9orf152,0.56,"A: unspecified role, B: unspecified role",3,MLH1
ZNF474,0.56,"A: unspecified role, B: unspecified role",3,MLH1
PRR5L,0.56,"A: unspecified role, B: unspecified role",3,MLH1
SYF2,0.56,"A: unspecified role, B: unspecified role",3,MLH1
NFIX,0.56,"A: unspecified role, B: unspecified role",3,MLH1
KPRP,0.56,"A: unspecified role, B: unspecified role",3,MLH1
ZNF774,0.56,"A: unspecified role, B: unspecified role",3,MLH1
ZMAT5,0.56,"A: unspecified role, B: unspecified role",3,MLH1
U2AF1,0.56,"A: unspecified role, B: unspecified role",3,MLH1
KPNA5,0.56,"A: unspecified role, B: unspecified role",3,MLH1
CCDC74B,0.56,"A: unspecified role, B: unspecified role",3,MLH1
RBM48,0.56,"A: unspecified role, B: unspecified role",3,MLH1
PIP4K2B,0.56,"A: unspecified role, B: unspecified role",3,MLH1
ZFP90,0.56,"A: unspecified role, B: unspecified role",3,MLH1
NME4,0.56,"A: unspecified role, B: unspecified role",3,MLH1
AP1B1,0.56,"A: unspecified role, B: unspecified role",3,MLH1
SPATA8,0.56,"A: unspecified role, B: unspecified role",3,MLH1
ISY1,0.56,"A: unspecified role, B: unspecified role",3,MLH1
PER2,0.56,"A: unspecified role, B: unspecified role",3,MLH1
NELFA,0.56,"A: unspecified role, B: unspecified role",3,MLH1
LUC7L3,0.56,"A: unspecified role, B: unspecified role",3,MLH1
FAM228A,0.56,"A: unspecified role, B: unspecified role",3,MLH1
RSPH3,0.56,"A: unspecified role, B: unspecified role",3,MLH1
ZNF212,0.56,"A: unspecified role, B: unspecified role",3,MLH1
PPP1R13B,0.56,"A: unspecified role, B: unspecified role",3,MLH1
MPG,0.56,"A: unspecified role, B: unspecified role",3,MLH1
ZNF177,0.56,"A: unspecified role, B: unspecified role",3,MLH1
MBD4,0.56,"A: unspecified role, B: unspecified role",3,MLH1
TFAP2D,0.56,"A: unspecified role, B: unspecified role",5,MLH1
TLE5,0.56,"A: unspecified role, B: unspecified role",3,MLH1
ENKD1,0.56,"A: unspecified role, B: unspecified role",3,MLH1
MBD3L1,0.56,"A: unspecified role, B: unspecified role",3,MLH1
PTPN3,0.56,"A: unspecified role, B: unspecified role",3,MLH1
MCM9,0.56,"A: unspecified role, B: unspecified role",4,MLH1
TSGA13,0.56,"A: unspecified role, B: unspecified role",3,MLH1
FAM50B,0.56,"A: unspecified role, B: unspecified role",3,MLH1
HSPA8,0.5,"A: unspecified role, B: unspecified role",2,MLH1
ORC4,0.44,"A: unspecified role, B: unspecified role",2,MLH1
MCM8,0.4,"A: unspecified role, B: unspecified role",1,MLH1
EXO1,0.4,"A: unspecified role, B: unspecified role",1,MLH1
TXN,0.37,"A: unspecified role, B: unspecified role",1,MLH1
FLNB,0.37,"A: unspecified role, B: unspecified role",2,MLH1
RAD23B,0.37,"A: unspecified role, B: unspecified role",2,MLH1
AP2B1,0.37,"A: unspecified role, B: unspecified role",1,MLH1
VPS51,0.37,"A: unspecified role, B: unspecified role",2,MLH1
EIF2A,0.37,"A: unspecified role, B: unspecified role",2,MLH1
PTP4A2,0.37,"A: unspecified role, B: unspecified role",2,MLH1
CYLC2,0.37,"A: unspecified role, B: unspecified role",1,MLH1
TDRD7,0.37,"A: unspecified role, B: unspecified role",1,MLH1
FCGBP,0.37,"A: unspecified role, B: unspecified role",2,MLH1
STX17,0.37,"A: unspecified role, B: unspecified role",1,MLH1
PARP12,0.37,"A: unspecified role, B: unspecified role",2,MLH1
CUTA,0.37,"A: unspecified role, B: unspecified role",2,MLH1
ACER3,0.37,"A: unspecified role, B: unspecified role",2,MLH1
LY96,0.37,"A: unspecified role, B: unspecified role",1,MLH1
Q8CZY2,0.37,"A: unspecified role, B: unspecified role",1,MLH1
LEF1,0.37,"A: unspecified role, B: unspecified role",1,MLH1
DDX47,0.37,"A: unspecified role, B: unspecified role",2,MLH1
EEF2,0.37,"A: unspecified role, B: unspecified role",2,MLH1
RPS2,0.37,"A: unspecified role, B: unspecified role",2,MLH1
CLIC1,0.37,"A: unspecified role, B: unspecified role",2,MLH1
CEP126,0.37,"A: unspecified role, B: unspecified role",1,MLH1
VAMP8,0.37,"A: unspecified role, B: unspecified role",2,MLH1
MYOG,0.37,"A: unspecified role, B: unspecified role",1,MLH1
SLC25A23,0.37,"A: unspecified role, B: unspecified role",2,MLH1
AGR2,0.37,"A: unspecified role, B: unspecified role",2,MLH1
RPS5,0.37,"A: unspecified role, B: unspecified role",2,MLH1
FLNC,0.37,"A: unspecified role, B: unspecified role",2,MLH1
ZBED1,0.37,"A: unspecified role, B: unspecified role",1,MLH1
IGKC,0.37,"A: unspecified role, B: unspecified role",2,MLH1
CTSV,0.37,"A: unspecified role, B: unspecified role",1,MLH1
TRIM23,0.37,"A: unspecified role, B: unspecified role",2,MLH1
ANXA6,0.37,"A: unspecified role, B: unspecified role",2,MLH1
RAPGEFL1,0.37,"A: unspecified role, B: unspecified role",2,MLH1
XPA,0.37,"A: unspecified role, B: unspecified role",1,MLH1
ALDOA,0.37,"A: unspecified role, B: unspecified role",2,MLH1
NDUFS8,0.37,"A: unspecified role, B: unspecified role",2,MLH1
GSTP1,0.37,"A: unspecified role, B: unspecified role",2,MLH1
STAP2,0.37,"A: unspecified role, B: unspecified role",2,MLH1
EEF1G,0.37,"A: unspecified role, B: unspecified role",2,MLH1
PTPRH,0.37,"A: unspecified role, B: unspecified role",2,MLH1
EXO1,0.37,"A: unspecified role, B: unspecified role",1,MLH1
TPRG1L,0.37,"A: unspecified role, B: unspecified role",2,MLH1
IL20RA,0.37,"A: unspecified role, B: unspecified role",2,MLH1
CKB,0.37,"A: unspecified role, B: unspecified role",2,MLH1
SELENBP1,0.37,"A: unspecified role, B: unspecified role",2,MLH1
ELP6,0.37,"A: unspecified role, B: unspecified role",2,MLH1
CAPN5,0.37,"A: unspecified role, B: unspecified role",2,MLH1
P06827,0.37,"A: unspecified role, B: unspecified role",1,MLH1
NDFIP2,0.37,"A: unspecified role, B: unspecified role",2,MLH1
COPA,0.37,"A: unspecified role, B: unspecified role",2,MLH1
RPS16,0.37,"A: unspecified role, B: unspecified role",2,MLH1
NCF4,0.37,"A: unspecified role, B: unspecified role",2,MLH1
AIFM1,0.37,"A: unspecified role, B: unspecified role",2,MLH1
PTGDS,0.37,"A: unspecified role, B: unspecified role",2,MLH1
BAAT,0.37,"A: unspecified role, B: unspecified role",1,MLH1
MSH3,0.37,"A: unspecified role, B: unspecified role",1,MLH1
SQSTM1,0.37,"A: unspecified role, B: unspecified role",2,MLH1
SEC61A1,0.37,"A: unspecified role, B: unspecified role",2,MLH1
MYL6,0.37,"A: unspecified role, B: unspecified role",2,MLH1
Q6PYX1,0.37,"A: unspecified role, B: unspecified role",2,MLH1
ABCC3,0.37,"A: unspecified role, B: unspecified role",2,MLH1
ACO2,0.37,"A: unspecified role, B: unspecified role",2,MLH1
NDRG1,0.37,"A: unspecified role, B: unspecified role",2,MLH1
CAB39L,0.37,"A: unspecified role, B: unspecified role",2,MLH1
ALDOB,0.37,"A: unspecified role, B: unspecified role",1,MLH1
KPNA2,0.37,"A: unspecified role, B: unspecified role",1,MLH1
NT5C3B,0.37,"A: unspecified role, B: unspecified role",3,MLH1
CCDC180,0.37,"A: unspecified role, B: unspecified role",1,MLH1
RRBP1,0.37,"A: unspecified role, B: unspecified role",2,MLH1
MAP2K6,0.37,"A: unspecified role, B: unspecified role",2,MLH1
ZER1,0.37,"A: unspecified role, B: unspecified role",2,MLH1
TXN2,0.37,"A: unspecified role, B: unspecified role",2,MLH1
TRMO,0.37,"A: unspecified role, B: unspecified role",1,MLH1
ABHD16A,0.37,"A: unspecified role, B: unspecified role",2,MLH1
APRT,0.37,"A: unspecified role, B: unspecified role",2,MLH1
TLE5,0.37,"A: unspecified role, B: unspecified role",1,MLH1
CKAP4,0.37,"A: unspecified role, B: unspecified role",2,MLH1
FRAT2,0.37,"A: unspecified role, B: unspecified role",1,MLH1
HSD17B3,0.37,"A: unspecified role, B: unspecified role",2,MLH1
ACTG2,0.37,"A: unspecified role, B: unspecified role",2,MLH1
PSMA1,0.37,"A: unspecified role, B: unspecified role",1,MLH1
ASS1,0.37,"A: unspecified role, B: unspecified role",2,MLH1
PPP2CB,0.37,"A: unspecified role, B: unspecified role",1,MLH1
EXOC3,0.37,"A: unspecified role, B: unspecified role",2,MLH1
FBXO32,0.37,"A: unspecified role, B: unspecified role",2,MLH1
TRIM29,0.37,"A: unspecified role, B: unspecified role",1,MLH1
CEP76,0.37,"A: unspecified role, B: unspecified role",1,MLH1
ARAF,0.37,"A: unspecified role, B: unspecified role",2,MLH1
GABARAP,0.37,"A: unspecified role, B: unspecified role",2,MLH1
Q5NEL7,0.37,"A: unspecified role, B: unspecified role",1,MLH1
ATF2,0.37,"A: unspecified role, B: unspecified role",1,MLH1
SMAD1,0.37,"A: unspecified role, B: unspecified role",1,MLH1
NONO,0.37,"A: unspecified role, B: unspecified role",2,MLH1
SERPINF1,0.37,"A: unspecified role, B: unspecified role",2,MLH1
LGALS4,0.37,"A: unspecified role, B: unspecified role",2,MLH1
TAGLN,0.37,"A: unspecified role, B: unspecified role",1,MLH1
PARVA,0.37,"A: unspecified role, B: unspecified role",2,MLH1
PLPP2,0.37,"A: unspecified role, B: unspecified role",2,MLH1
MUC2,0.37,"A: unspecified role, B: unspecified role",2,MLH1
ELMO2,0.35,"A: unspecified role, B: unspecified role",1,MLH1
NANP,0.35,"A: unspecified role, B: unspecified role",1,MLH1
PMS2,0.35,"A: unspecified role, B: unspecified role",1,MLH1
CTTN,0.35,"A: unspecified role, B: unspecified role",1,MLH1
ENG,0.35,"A: unspecified role, B: unspecified role",1,MLH1
FAN1,0.35,"A: unspecified role, B: unspecified role",1,MLH1
SNW1,0.35,"A: unspecified role, B: unspecified role",1,MLH1
HMGB1,0.35,"A: unspecified role, B: unspecified role",1,MLH1
MAPT,0.35,"A: unspecified role, B: unspecified role",1,MLH1
SPTBN2,0.35,"A: unspecified role, B: unspecified role",1,MLH1
FAN1,0.35,"A: unspecified role, B: unspecified role",1,MLH1
FKBP8,0.35,"A: unspecified role, B: unspecified role",1,MLH1
INO80,0.35,"A: unspecified role, B: unspecified role",1,MLH1
HDLBP,0.35,"A: unspecified role, B: unspecified role",1,MLH1
PLXNA3,0.35,"A: unspecified role, B: unspecified role",1,MLH1
PMS1,0.35,"A: unspecified role, B: unspecified role",1,MLH1
ESR1,0.35,"A: unspecified role, B: unspecified role",1,MLH1
P0DOF2,0.35,"A: unspecified role, B: unspecified role",1,MLH1
CAPZA2,0.35,"A: unspecified role, B: unspecified role",1,MLH1
LYST,0.35,"A: unspecified role, B: unspecified role",1,MLH1
PSMD6,0.35,"A: unspecified role, B: unspecified role",1,MLH1
FAM83B,0.35,"A: unspecified role, B: unspecified role",1,MLH1
SLC25A1,0.35,"A: unspecified role, B: unspecified role",1,MLH1
MSH2,0.27,"A: unspecified role, B: unspecified role",1,MLH1
CASP3,0.27,"A: unspecified role, B: unspecified role",1,MLH1
MSH2,0.89,"A: unspecified role, B: unspecified role",12,MSH3
MLH1,0.74,"A: unspecified role, B: unspecified role",5,MSH3
PCNA,0.72,"A: unspecified role, B: unspecified role",6,MSH3
MCM9,0.46,"A: unspecified role, B: unspecified role",2,MSH3
CTAGE1,0.4,"A: unspecified role, B: unspecified role",1,MSH3
H2BC9,0.4,"A: unspecified role, B: unspecified role",1,MSH3
RCHY1,0.37,"A: unspecified role, B: unspecified role",1,MSH3
MLH1,0.37,"A: unspecified role, B: unspecified role",1,MSH3
O84008,0.35,"A: unspecified role, B: unspecified role",1,MSH3
MYC,0.35,"A: unspecified role, B: unspecified role",1,MSH3
LMO2,0.35,"A: unspecified role, B: unspecified role",1,MSH3
ZSCAN26,0.35,"A: unspecified role, B: unspecified role",1,MSH3
SLX4,0.35,"A: unspecified role, B: unspecified role",1,MSH3
IKBKG,0.35,"A: unspecified role, B: unspecified role",1,MSH3
APLF,0.35,"A: unspecified role, B: unspecified role",1,MSH3
CDC42,0.35,"A: unspecified role, B: unspecified role",1,MSH3
P04296,0.35,"A: unspecified role, B: unspecified role",1,MSH3
FOXA1,0.35,"A: unspecified role, B: unspecified role",1,MSH3
SLC39A9,0.35,"A: unspecified role, B: unspecified role",1,MSH3
H3C11,0.27,"A: unspecified role, B: unspecified role",1,MSH3
H3C3,0.27,"A: unspecified role, B: unspecified role",1,MSH3
H3C12,0.27,"A: unspecified role, B: unspecified role",1,MSH3
H3C2,0.27,"A: unspecified role, B: unspecified role",1,MSH3
H3C4,0.27,"A: unspecified role, B: unspecified role",1,MSH3
H3C8,0.27,"A: unspecified role, B: unspecified role",1,MSH3
H3C1,0.27,"A: unspecified role, B: unspecified role",1,MSH3
H3C7,0.27,"A: unspecified role, B: unspecified role",1,MSH3
H3C10,0.27,"A: unspecified role, B: unspecified role",1,MSH3
H3C6,0.27,"A: unspecified role, B: unspecified role",1,MSH3
FOXC1,0.7,"A: unspecified role, B: unspecified role",5,PBX1
PKNOX1,0.69,"A: unspecified role, B: unspecified role",10,PBX1
MEIS2,0.68,"A: unspecified role, B: unspecified role",9,PBX1
HOXC8,0.56,"A: unspecified role, B: unspecified role",3,PBX1
CDCA7L,0.56,"A: unspecified role, B: unspecified role",3,PBX1
BRMS1L,0.56,"A: unspecified role, B: unspecified role",3,PBX1
HOXC5,0.56,"A: unspecified role, B: unspecified role",3,PBX1
HOXB5,0.56,"A: unspecified role, B: unspecified role",3,PBX1
PIN1,0.56,"A: unspecified role, B: unspecified role",3,PBX1
EFHC1,0.56,"A: unspecified role, B: unspecified role",3,PBX1
FAM90A1,0.56,"A: unspecified role, B: unspecified role",3,PBX1
MEIS1,0.55,"A: unspecified role, B: unspecified role",3,PBX1
TLX1,0.51,"A: unspecified role, B: unspecified role",2,PBX1
HOXB1,0.44,"A: unspecified role, B: unspecified role",1,PBX1
MEIS2,0.4,"A: unspecified role, B: unspecified role",1,PBX1
MEIS2,0.37,"A: unspecified role, B: unspecified role",1,PBX1
TLX1,0.37,"A: unspecified role, B: unspecified role",1,PBX1
PKNOX2,0.37,"A: unspecified role, B: unspecified role",2,PBX1
PKNOX1,0.37,"A: unspecified role, B: unspecified role",2,PBX1
PKNOX1,0.37,"A: unspecified role, B: unspecified role",2,PBX1
PBX2,0.36,"A: unspecified role, B: unspecified role",1,PBX1
MAB21L2,0.35,"A: unspecified role, B: unspecified role",1,PBX1
CCDC120,0.35,"A: unspecified role, B: unspecified role",1,PBX1
VWA5A,0.35,"A: unspecified role, B: unspecified role",1,PBX1
FOXA1,0.35,"A: unspecified role, B: unspecified role",2,PBX1
DNAAF8,0.35,"A: unspecified role, B: unspecified role",1,PBX1
PKNOX1,0.35,"A: unspecified role, B: unspecified role",1,PBX1
C5orf24,0.35,"A: unspecified role, B: unspecified role",1,PBX1
RBPJ,0.35,"A: unspecified role, B: unspecified role",1,PBX1
MEIS2,0.35,"A: unspecified role, B: unspecified role",1,PBX1
FOXQ1,0.35,"A: unspecified role, B: unspecified role",1,PBX1
LMX1B,0.35,"A: unspecified role, B: unspecified role",1,PBX1
FAM222A,0.35,"A: unspecified role, B: unspecified role",1,PBX1
MAB21L1,0.35,"A: unspecified role, B: unspecified role",1,PBX1
MAGEA1,0.35,"A: unspecified role, B: unspecified role",1,PBX1
FOXE1,0.35,"A: unspecified role, B: unspecified role",1,PBX1
SP7,0.27,"A: unspecified role, B: unspecified role",1,PBX1
MLH1,0.72,"A: competitor, B: unspecified role",1,PMS1
MLH1,0.72,"A: unspecified role, B: unspecified role",4,PMS1
DYNLT3,0.56,"A: unspecified role, B: unspecified role",3,PMS1
MCM9,0.46,"A: unspecified role, B: unspecified role",3,PMS1
Q83D60,0.37,"A: unspecified role, B: unspecified role",1,PMS1
FAN1,0.35,"A: unspecified role, B: unspecified role",1,PMS1
FRMD6,0.35,"A: unspecified role, B: unspecified role",1,PMS1
AHNAK,0.35,"A: unspecified role, B: unspecified role",1,PMS1
BBS7,0.35,"A: unspecified role, B: unspecified role",1,PMS1
PYGB,0.35,"A: unspecified role, B: unspecified role",1,PMS1
MLH1,0.35,"A: unspecified role, B: unspecified role",1,PMS1
H1-3,0.35,"A: unspecified role, B: unspecified role",1,PMS1
FAN1,0.35,"A: unspecified role, B: unspecified role",1,PMS1
FSCN1,0.35,"A: unspecified role, B: unspecified role",2,PMS1
BRIP1,0.35,"A: unspecified role, B: unspecified role",1,PMS1
PAG1,0.35,"A: unspecified role, B: unspecified role",1,PMS1
HRAS,0.35,"A: unspecified role, B: unspecified role",1,PMS1
PTTG1,0.35,"A: unspecified role, B: unspecified role",1,PMS1
CEP170P1,0.35,"A: unspecified role, B: unspecified role",1,PMS1
SNX21,0.35,"A: unspecified role, B: unspecified role",1,PMS1
GNG5,0.35,"A: unspecified role, B: unspecified role",1,PMS1
PSMC3,0.35,"A: unspecified role, B: unspecified role",1,PMS1
VAMP3,0.35,"A: unspecified role, B: unspecified role",1,PMS1
TCTE1,0.27,"A: unspecified role, B: unspecified role",2,PMS1
MLH1,0.96,"A: unspecified role, B: unspecified role",22,PMS2
BRIP1,0.69,"A: unspecified role, B: unspecified role",5,PMS2
MEOX2,0.56,"A: unspecified role, B: unspecified role",3,PMS2
FSCN1,0.53,"A: unspecified role, B: unspecified role",6,PMS2
TP73,0.5,"A: unspecified role, B: unspecified role",3,PMS2
NPM1,0.4,"A: unspecified role, B: unspecified role",1,PMS2
CCDC180,0.37,"A: unspecified role, B: unspecified role",1,PMS2
XPA,0.37,"A: unspecified role, B: unspecified role",1,PMS2
SFRP4,0.37,"A: unspecified role, B: unspecified role",1,PMS2
GALNT12,0.37,"A: unspecified role, B: unspecified role",1,PMS2
ZNF189,0.37,"A: unspecified role, B: unspecified role",1,PMS2
TRMO,0.37,"A: unspecified role, B: unspecified role",1,PMS2
RASA1,0.37,"A: unspecified role, B: unspecified role",1,PMS2
FANCC,0.37,"A: unspecified role, B: unspecified role",1,PMS2
AKT1,0.37,"A: unspecified role, B: unspecified role",1,PMS2
ANP32B,0.37,"A: unspecified role, B: unspecified role",1,PMS2
PPP2CB,0.37,"A: unspecified role, B: unspecified role",1,PMS2
PARD6A,0.35,"A: unspecified role, B: unspecified role",1,PMS2
FAN1,0.35,"A: unspecified role, B: unspecified role",1,PMS2
FYN,0.35,"A: unspecified role, B: unspecified role",1,PMS2
XRCC3,0.35,"A: unspecified role, B: unspecified role",1,PMS2
FAN1,0.35,"A: unspecified role, B: unspecified role",1,PMS2
FAN1,0.35,"A: unspecified role, B: unspecified role",1,PMS2
CTR9,0.35,"A: unspecified role, B: unspecified role",1,PMS2
MLH1,0.35,"A: unspecified role, B: unspecified role",1,PMS2
POLR1H,0.35,"A: unspecified role, B: unspecified role",1,PMS2
ABCA2,0.35,"A: unspecified role, B: unspecified role",1,PMS2
P0DOF2,0.35,"A: unspecified role, B: unspecified role",1,PMS2
FRMD6,0.35,"A: unspecified role, B: unspecified role",1,PMS2
H2BC10,0.27,"A: unspecified role, B: unspecified role",1,PMS2
H2BC8,0.27,"A: unspecified role, B: unspecified role",1,PMS2
H2BC4,0.27,"A: unspecified role, B: unspecified role",1,PMS2
H2BC7,0.27,"A: unspecified role, B: unspecified role",1,PMS2
H2BC6,0.27,"A: unspecified role, B: unspecified role",1,PMS2
RRM2B,0.67,"A: unspecified role, B: unspecified role",6,RRM2B
ORC4,0.6,"A: unspecified role, B: unspecified role",4,RRM2B
RNF41,0.56,"A: unspecified role, B: unspecified role",3,RRM2B
ATM,0.5,"A: unspecified role, B: unspecified role",3,RRM2B
ATM,0.44,"A: enzyme target, B: enzyme",1,RRM2B
MDM2,0.4,"A: unspecified role, B: unspecified role",2,RRM2B
TP53,0.4,"A: unspecified role, B: unspecified role",1,RRM2B
MDM2,0.4,"A: unspecified role, B: unspecified role",2,RRM2B
ATRIP,0.4,"A: unspecified role, B: unspecified role",1,RRM2B
RAD50,0.35,"A: unspecified role, B: unspecified role",1,RRM2B
RRM2,0.35,"A: unspecified role, B: unspecified role",1,RRM2B
MRE11,0.35,"A: unspecified role, B: unspecified role",1,RRM2B
NBN,0.35,"A: unspecified role, B: unspecified role",1,RRM2B
SPAG9,0.35,"A: unspecified role, B: unspecified role",1,RRM2B
FZR1,0.35,"A: unspecified role, B: unspecified role",1,RRM2B
EPHA1,0.35,"A: unspecified role, B: unspecified role",1,RRM2B
TPM2,0.35,"A: unspecified role, B: unspecified role",1,RRM2B
RRM1,0.35,"A: unspecified role, B: unspecified role",1,RRM2B
INPPL1,0.35,"A: unspecified role, B: unspecified role",1,RRM2B
TMOD2,0.35,"A: unspecified role, B: unspecified role",1,RRM2B
FGFR2,0.35,"A: unspecified role, B: unspecified role",1,RRM2B
TP53,0.35,"A: unspecified role, B: unspecified role",1,RRM2B
MET,0.27,"A: unspecified role, B: unspecified role",1,RRM2B
UPK1B,0.56,"A: unspecified role, B: unspecified role",3,SYT9
TMBIM6,0.56,"A: unspecified role, B: unspecified role",3,SYT9
TMEM50A,0.56,"A: unspecified role, B: unspecified role",3,SYT9
TCERG1,0.64,"A: unspecified role, B: unspecified role",8,TCERG1
HTT,0.55,"A: unspecified role, B: unspecified role",9,TCERG1
BARD1,0.51,"A: unspecified role, B: unspecified role",2,TCERG1
LMCD1,0.4,"A: unspecified role, B: unspecified role",1,TCERG1
WBP4,0.4,"A: unspecified role, B: unspecified role",1,TCERG1
NR1I2,0.4,"A: unspecified role, B: unspecified role",1,TCERG1
JUNB,0.4,"A: unspecified role, B: unspecified role",1,TCERG1
NOL8,0.4,"A: unspecified role, B: unspecified role",1,TCERG1
DHRS2,0.4,"A: unspecified role, B: unspecified role",1,TCERG1
OSBPL8,0.4,"A: unspecified role, B: unspecified role",1,TCERG1
WWOX,0.4,"A: unspecified role, B: unspecified role",1,TCERG1
BUB1B,0.4,"A: unspecified role, B: unspecified role",1,TCERG1
SF3A2,0.4,"A: unspecified role, B: unspecified role",1,TCERG1
ARID5B,0.4,"A: unspecified role, B: unspecified role",1,TCERG1
THRAP3,0.4,"A: unspecified role, B: unspecified role",1,TCERG1
A0A6L7HA16,0.37,"A: unspecified role, B: unspecified role",1,TCERG1
LUC7L,0.37,"A: unspecified role, B: unspecified role",1,TCERG1
GRB2,0.37,"A: unspecified role, B: unspecified role",1,TCERG1
SETDB1,0.37,"A: unspecified role, B: unspecified role",1,TCERG1
PIAS4,0.37,"A: unspecified role, B: unspecified role",1,TCERG1
CHD3,0.37,"A: unspecified role, B: unspecified role",1,TCERG1
VCAM1,0.35,"A: unspecified role, B: unspecified role",3,TCERG1
FOXG1,0.35,"A: unspecified role, B: unspecified role",1,TCERG1
JUN,0.35,"A: unspecified role, B: unspecified role",1,TCERG1
GRK4,0.35,"A: unspecified role, B: unspecified role",1,TCERG1
RAF1,0.35,"A: unspecified role, B: unspecified role",1,TCERG1
ZNG1A,0.35,"A: unspecified role, B: unspecified role",1,TCERG1
MAPT,0.35,"A: unspecified role, B: unspecified role",1,TCERG1
ESR1,0.35,"A: unspecified role, B: unspecified role",2,TCERG1
FOXJ2,0.35,"A: unspecified role, B: unspecified role",1,TCERG1
P0DOF2,0.35,"A: unspecified role, B: unspecified role",1,TCERG1
LRRK2,0.35,"A: unspecified role, B: unspecified role",2,TCERG1
B4URF7,0.35,"A: unspecified role, B: unspecified role",1,TCERG1
Q1K9H5,0.35,"A: unspecified role, B: unspecified role",1,TCERG1
E2F3,0.35,"A: unspecified role, B: unspecified role",1,TCERG1
FGD2,0.35,"A: unspecified role, B: unspecified role",1,TCERG1
ZNG1B,0.35,"A: unspecified role, B: unspecified role",1,TCERG1
SP7,0.27,"A: unspecified role, B: unspecified role",1,TCERG1
TSHR,0.37,"A: unspecified role, B: unspecified role",1,TMEM119