chr,bp_hg19,modifier_locus,snp,annotation,otg_prediction,candidate_mod_gene,gene_symbol,ensembl_id,minor_allele,maf,continuous_p_value,years,hd_exome_support,cross_repeat_expansion,hpsc_msn_evidence,single_rare_variant,mod_gene_effect
1,164283625,1AM1,rs567500111,intergenic_variant,PBX1,PBX1,PBX1,ENSG00000185630,A,0.3,6.90E-06,-4.4,NA,NA,NA,Yes,Unknown
2,190639915,2AM1,rs3791767,3_prime_UTR_variant,PMS1,PMS1,PMS1,ENSG00000064933,C,20.7,6.30E-08,-0.8,Yes,Yes,Yes,No,Hastens
3,37053568,3AM1,rs1799977,missense_variant,LRRFIP2,MLH1,MLH1,ENSG00000076242,G,31,5.10E-10,0.8,No,No,Yes,No,Hastens
4,2697660,4AM1,rs764154313,intron_variant,NA,HTT LOI,HTT,ENSG00000197386,A,0.2,2.10E-19,-12.8,NA,NA,NA,No,NA
4,2971698,4AM2,rs183415333,intron_variant,NA,HTT DOI,HTT,ENSG00000197386,G,0.6,1.40E-14,5.8,NA,NA,NA,No,NA
5,79913275,5AM1,rs701383,intron_variant,MSH3,MSH3,MSH3,ENSG00000113318,A,25.7,5.50E-10,-0.8,Yes,Yes,Yes,No,Hastens
5,80086504,5AM2,rs113361582,intron_variant,MSH3,MSH3,MSH3,ENSG00000113318,G,0.3,1.30E-09,6.1,Yes,Yes,Yes,No,Hastens
5,79990883,5AM3,rs1650742,intron_variant,MSH3,MSH3,MSH3,ENSG00000113318,G,33.1,1.60E-06,0.6,Yes,Yes,Yes,No,Hastens
5,145886836,5BM1,rs79727797,non_coding_transcript_exon_variant,TCERG1,TCERG1,TCERG1,ENSG00000113649,A,2.4,3.80E-10,2.3,No,NA,NA,No,Hastens
7,6079993,7AM1,rs74302792,intron_variant,CCZ1,PMS2,PMS2,ENSG00000122512,A,15.9,7.40E-08,0.8,No,Yes,Yes,No,Delays
8,103213640,8AM1,rs79136984,downstream_gene_variant,RRM2B,RRM2B,RRM2B,ENSG00000048392,T,8.2,3.60E-09,-1.2,No,Yes,NA,No,Unknown
11,96106737,11AM1,rs7936234,intron_variant,CCDC82,CCDC82,CCDC82,ENSG00000149231,A,19.6,1.70E-05,0.6,No,No,NA,No,Delays
11,7303052,11BM1,rs79714630,intron_variant,SYT9,SYT9,SYT9,ENSG00000170743,G,0.1,1.10E-08,-9.6,No,NA,NA,Yes,Unknown
12,108992727,12AM1,rs140253376,upstream_gene_variant,TMEM119,TMEM119,TMEM119,ENSG00000183160,A,0.2,8.30E-06,-6.1,No,NA,NA,Yes,Unknown
15,31202961,15AM1,rs150393409,missense_variant,FAN1,FAN1,FAN1,ENSG00000198690,A,1.4,1.80E-28,-5.2,Yes,Yes,Yes,No,Delays
15,31241346,15AM2,rs35811129,intron_variant,FAN1,FAN1,FAN1,ENSG00000198690,A,27.5,9.40E-26,1.3,Yes,Yes,Yes,No,Delays
15,31197995,15AM3,rs151322829,missense_variant,FAN1,FAN1,FAN1,ENSG00000198690,T,0.7,1.40E-08,-3.8,Yes,Yes,Yes,No,Delays
15,31230611,15AM4,rs34017474,intron_variant,FAN1,FAN1,FAN1,ENSG00000198690,C,38.2,8.50E-11,0.8,Yes,Yes,Yes,No,Delays
16,27873637,16AM1,rs187055476,intron_variant,GSG1L,GSG1L,GSG1L,ENSG00000169181,G,0.3,5.50E-09,-6.1,No,NA,NA,Yes,Unknown
18,56126806,18AM1,rs530017366,intergenic_variant,ALPK2,ALPK2,ALPK2,ENSG00000198796,T,0.2,1.20E-04,-5.1,No,NA,NA,Yes,Unknown
19,48622545,19AM1,rs274883,intron_variant,LIG1,LIG1,LIG1,ENSG00000105486,G,16.7,5.30E-09,0.9,Yes,Yes,No,No,Hastens
19,48645976,19AM2,rs3730945,intron_variant,LIG1,LIG1,LIG1,ENSG00000105486,G,37.1,5.80E-07,-0.6,Yes,Yes,No,No,Hastens
19,48620943,19AM3,rs145821638,missense_variant,LIG1,LIG1,LIG1,ENSG00000105486,A,0.1,1.50E-06,7.7,Yes,Yes,No,No,Hastens